#options: 1080x1920 fps=30/1 timebase=1/30 bitdepth=8 cabac=1 ref=1 deblock=1:0:0 analyse=0x1:0 me=dia subme=2 psy=1 psy_rd=1.00:0.00 mixed_ref=0 me_range=16 chroma_me=1 trellis=0 8x8dct=0 cqm=0 deadzone=21,11 fast_pskip=1 chroma_qp_offset=0 threads=24 lookahead_threads=8 sliced_threads=0 nr=0 decimate=1 interlaced=0 bluray_compat=0 constrained_intra=0 bframes=3 b_pyramid=2 b_adapt=1 b_bias=0 direct=3 weightb=1 open_gop=0 weightp=2 keyint=250 keyint_min=25 scenecut=40 intra_refresh=0 rc_lookahead=50 rc=abr mbtree=1 bitrate=2096 ratetol=1.0 qcomp=0.60 qpmin=0 qpmax=69 qpstep=4 vbv_maxrate=3144 vbv_bufsize=4192 nal_hrd=none filler=0 ip_ratio=1.40 aq=1:1.00
in:0 out:0 type:I dur:2 cpbdur:2 q:33.11 aq:18.92 tex:37789 mv:23772 misc:239 imb:8160 pmb:0 smb:0 d:- ref:;
in:4 out:1 type:P dur:2 cpbdur:2 q:33.24 aq:19.28 tex:5110 mv:6282 misc:3104 imb:869 pmb:247 smb:7044 d:- ref:0 ;
in:2 out:2 type:B dur:2 cpbdur:2 q:33.24 aq:19.85 tex:2118 mv:2707 misc:1991 imb:63 pmb:369 smb:7728 d:s ref:0 ;
in:1 out:3 type:b dur:2 cpbdur:2 q:33.24 aq:20.25 tex:416 mv:304 misc:832 imb:7 pmb:67 smb:8086 d:s ref:0 ;
in:3 out:4 type:b dur:2 cpbdur:2 q:33.24 aq:19.91 tex:668 mv:562 misc:986 imb:18 pmb:96 smb:8046 d:- ref:0 ;
in:7 out:5 type:P dur:2 cpbdur:2 q:33.14 aq:20.82 tex:56083 mv:10900 misc:4673 imb:1515 pmb:562 smb:6083 d:- ref:0 ;
in:5 out:6 type:B dur:2 cpbdur:2 q:33.31 aq:23.26 tex:7125 mv:3150 misc:2229 imb:143 pmb:493 smb:7524 d:t ref:0 ;
in:6 out:7 type:b dur:2 cpbdur:2 q:33.31 aq:24.05 tex:2060 mv:5258 misc:2586 imb:67 pmb:537 smb:7556 d:- ref:0 ;
in:11 out:8 type:P dur:2 cpbdur:2 q:33.37 aq:19.67 tex:88133 mv:20272 misc:5795 imb:2666 pmb:1140 smb:4354 d:- ref:0 ;
in:9 out:9 type:B dur:2 cpbdur:2 q:33.41 aq:21.72 tex:4801 mv:5822 misc:3473 imb:133 pmb:717 smb:7310 d:s ref:0 ;
in:8 out:10 type:b dur:2 cpbdur:2 q:33.41 aq:21.93 tex:1524 mv:2800 misc:2244 imb:69 pmb:332 smb:7759 d:s ref:0 ;
in:10 out:11 type:b dur:2 cpbdur:2 q:33.41 aq:21.44 tex:3097 mv:4000 misc:3135 imb:53 pmb:670 smb:7437 d:- ref:0 ;
in:15 out:12 type:P dur:2 cpbdur:2 q:33.48 aq:20.21 tex:76942 mv:20252 misc:4486 imb:3490 pmb:876 smb:3794 d:- ref:0 w:5,37,-38 ;
in:13 out:13 type:B dur:2 cpbdur:2 q:33.49 aq:22.55 tex:2428 mv:4405 misc:2511 imb:82 pmb:457 smb:7621 d:t ref:0 ;
in:12 out:14 type:b dur:2 cpbdur:2 q:33.49 aq:22.30 tex:892 mv:2827 misc:2089 imb:31 pmb:376 smb:7753 d:s ref:0 ;
in:14 out:15 type:b dur:2 cpbdur:2 q:33.49 aq:21.95 tex:796 mv:2343 misc:1629 imb:29 pmb:281 smb:7850 d:- ref:0 ;
in:19 out:16 type:P dur:2 cpbdur:2 q:33.54 aq:20.23 tex:57175 mv:22084 misc:3829 imb:4001 pmb:938 smb:3221 d:s ref:0 w:6,71,-27 ;
in:17 out:17 type:B dur:2 cpbdur:2 q:33.71 aq:21.75 tex:3348 mv:7481 misc:3363 imb:236 pmb:717 smb:7207 d:s ref:0 ;
in:16 out:18 type:b dur:2 cpbdur:2 q:33.71 aq:22.38 tex:929 mv:4200 misc:2271 imb:32 pmb:527 smb:7601 d:s ref:0 ;
in:18 out:19 type:b dur:2 cpbdur:2 q:33.71 aq:24.39 tex:786 mv:1573 misc:1457 imb:18 pmb:229 smb:7913 d:- ref:0 ;
in:23 out:20 type:P dur:2 cpbdur:2 q:33.06 aq:20.48 tex:48579 mv:17113 misc:5180 imb:2553 pmb:1014 smb:4593 d:- ref:0 w:4,17,-15 ;
in:21 out:21 type:B dur:2 cpbdur:2 q:33.61 aq:21.29 tex:3607 mv:5867 misc:3502 imb:175 pmb:758 smb:7227 d:- ref:0 ;
in:20 out:22 type:b dur:2 cpbdur:2 q:33.68 aq:21.35 tex:1923 mv:4987 misc:3050 imb:94 pmb:672 smb:7394 d:s ref:0 ;
in:22 out:23 type:b dur:2 cpbdur:2 q:33.68 aq:22.33 tex:796 mv:1279 misc:1445 imb:22 pmb:245 smb:7893 d:- ref:0 ;
in:27 out:24 type:P dur:2 cpbdur:2 q:31.93 aq:19.76 tex:50474 mv:14934 misc:5040 imb:1962 pmb:1103 smb:5095 d:- ref:0 ;
in:25 out:25 type:B dur:2 cpbdur:2 q:33.28 aq:21.20 tex:2754 mv:3204 misc:2890 imb:78 pmb:651 smb:7431 d:s ref:0 ;
in:24 out:26 type:b dur:2 cpbdur:2 q:33.28 aq:21.09 tex:646 mv:861 misc:1189 imb:12 pmb:170 smb:7978 d:s ref:0 ;
in:26 out:27 type:b dur:2 cpbdur:2 q:33.28 aq:21.45 tex:536 mv:611 misc:1501 imb:12 pmb:259 smb:7889 d:- ref:0 ;
in:31 out:28 type:P dur:2 cpbdur:2 q:29.14 aq:16.30 tex:66154 mv:24836 misc:4730 imb:3000 pmb:1419 smb:3741 d:s ref:0 ;
in:29 out:29 type:B dur:2 cpbdur:2 q:31.90 aq:20.36 tex:4105 mv:4159 misc:2944 imb:171 pmb:595 smb:7394 d:s ref:0 ;
in:28 out:30 type:b dur:2 cpbdur:2 q:31.91 aq:21.58 tex:2007 mv:2194 misc:2055 imb:80 pmb:326 smb:7754 d:s ref:0 ;
in:30 out:31 type:b dur:2 cpbdur:2 q:31.88 aq:20.93 tex:4184 mv:3627 misc:3109 imb:143 pmb:678 smb:7339 d:- ref:0 ;
in:35 out:32 type:P dur:2 cpbdur:2 q:27.73 aq:15.79 tex:61251 mv:20852 misc:6337 imb:2392 pmb:1420 smb:4348 d:s ref:0 ;
in:33 out:33 type:B dur:2 cpbdur:2 q:29.77 aq:18.88 tex:9497 mv:9667 misc:3636 imb:304 pmb:1186 smb:6670 d:s ref:0 ;
in:32 out:34 type:b dur:2 cpbdur:2 q:29.99 aq:19.20 tex:2215 mv:1449 misc:2376 imb:3 pmb:602 smb:7555 d:s ref:0 ;
in:34 out:35 type:b dur:2 cpbdur:2 q:30.00 aq:19.26 tex:4252 mv:3696 misc:2588 imb:95 pmb:572 smb:7493 d:- ref:0 ;
in:39 out:36 type:P dur:2 cpbdur:2 q:27.07 aq:15.34 tex:52710 mv:21412 misc:6110 imb:2646 pmb:1246 smb:4268 d:s ref:0 ;
in:37 out:37 type:B dur:2 cpbdur:2 q:27.95 aq:16.80 tex:14918 mv:13906 misc:4584 imb:423 pmb:1575 smb:6162 d:s ref:0 ;
in:36 out:38 type:b dur:2 cpbdur:2 q:28.18 aq:17.80 tex:2645 mv:2470 misc:2901 imb:25 pmb:692 smb:7443 d:s ref:0 ;
in:38 out:39 type:b dur:2 cpbdur:2 q:28.17 aq:18.11 tex:6143 mv:6617 misc:3384 imb:179 pmb:875 smb:7106 d:- ref:0 ;
in:43 out:40 type:P dur:2 cpbdur:2 q:26.07 aq:14.58 tex:60778 mv:25476 misc:5914 imb:2953 pmb:1356 smb:3851 d:s ref:0 ;
in:41 out:41 type:B dur:2 cpbdur:2 q:27.28 aq:16.01 tex:15937 mv:14659 misc:4868 imb:437 pmb:1718 smb:6005 d:s ref:0 ;
in:40 out:42 type:b dur:2 cpbdur:2 q:27.34 aq:17.42 tex:11128 mv:11064 misc:4512 imb:306 pmb:1621 smb:6233 d:s ref:0 ;
in:42 out:43 type:b dur:2 cpbdur:2 q:27.33 aq:17.45 tex:2928 mv:2487 misc:2633 imb:29 pmb:656 smb:7475 d:- ref:0 ;
in:47 out:44 type:P dur:2 cpbdur:2 q:24.99 aq:13.91 tex:65714 mv:26360 misc:5446 imb:2948 pmb:1325 smb:3887 d:s ref:0 ;
in:45 out:45 type:B dur:2 cpbdur:2 q:26.47 aq:16.26 tex:16714 mv:15939 misc:5067 imb:461 pmb:2030 smb:5669 d:s ref:0 ;
in:44 out:46 type:b dur:2 cpbdur:2 q:26.77 aq:16.90 tex:7808 mv:6701 misc:3675 imb:193 pmb:911 smb:7056 d:s ref:0 ;
in:46 out:47 type:b dur:2 cpbdur:2 q:26.77 aq:16.23 tex:3165 mv:2055 misc:3036 imb:18 pmb:729 smb:7413 d:- ref:0 ;
in:51 out:48 type:P dur:2 cpbdur:2 q:24.14 aq:12.95 tex:99101 mv:35005 misc:5166 imb:3592 pmb:1578 smb:2990 d:s ref:0 ;
in:49 out:49 type:B dur:2 cpbdur:2 q:25.41 aq:15.54 tex:25053 mv:22366 misc:5701 imb:706 pmb:2438 smb:5016 d:s ref:0 ;
in:48 out:50 type:b dur:2 cpbdur:2 q:25.79 aq:16.45 tex:14769 mv:13470 misc:4513 imb:370 pmb:1668 smb:6122 d:s ref:0 ;
in:50 out:51 type:b dur:2 cpbdur:2 q:25.78 aq:16.54 tex:20909 mv:18656 misc:5419 imb:453 pmb:2687 smb:5020 d:- ref:0 ;
in:52 out:52 type:P dur:2 cpbdur:2 q:23.61 aq:14.04 tex:60417 mv:9915 misc:5044 imb:791 pmb:1224 smb:6145 d:s ref:0 ;
in:53 out:53 type:P dur:2 cpbdur:2 q:24.47 aq:15.05 tex:79817 mv:22653 misc:4530 imb:2216 pmb:1575 smb:4369 d:s ref:0 ;
in:54 out:54 type:P dur:2 cpbdur:2 q:24.55 aq:15.30 tex:117983 mv:23956 misc:4005 imb:2325 pmb:1448 smb:4387 d:s ref:0 ;
in:55 out:55 type:P dur:2 cpbdur:2 q:24.58 aq:15.46 tex:190059 mv:28356 misc:3905 imb:2668 pmb:1562 smb:3930 d:s ref:0 ;
in:56 out:56 type:P dur:2 cpbdur:2 q:25.51 aq:16.18 tex:253473 mv:31215 misc:4504 imb:3035 pmb:1669 smb:3456 d:s ref:0 ;
in:57 out:57 type:P dur:2 cpbdur:2 q:27.10 aq:18.19 tex:191184 mv:21941 misc:3283 imb:2405 pmb:986 smb:4769 d:s ref:0 ;
in:58 out:58 type:P dur:2 cpbdur:2 q:27.67 aq:18.96 tex:212027 mv:26122 misc:3675 imb:2771 pmb:1023 smb:4366 d:s ref:0 ;
in:59 out:59 type:P dur:2 cpbdur:2 q:27.95 aq:19.54 tex:207760 mv:26510 misc:3490 imb:3011 pmb:799 smb:4350 d:s ref:0 ;
in:60 out:60 type:P dur:2 cpbdur:2 q:28.70 aq:20.18 tex:201178 mv:29464 misc:4446 imb:3441 pmb:952 smb:3767 d:s ref:0 ;
in:61 out:61 type:P dur:2 cpbdur:2 q:28.98 aq:20.26 tex:206680 mv:30072 misc:4264 imb:3709 pmb:886 smb:3565 d:s ref:0 ;
in:62 out:62 type:P dur:2 cpbdur:2 q:30.66 aq:22.97 tex:153848 mv:23031 misc:3185 imb:3200 pmb:532 smb:4428 d:s ref:0 ;
in:63 out:63 type:P dur:2 cpbdur:2 q:31.24 aq:22.78 tex:158672 mv:24412 misc:3580 imb:3345 pmb:552 smb:4263 d:s ref:0 ;
in:64 out:64 type:P dur:2 cpbdur:2 q:32.01 aq:23.90 tex:156485 mv:25338 misc:3801 imb:3408 pmb:614 smb:4138 d:s ref:0 ;
in:65 out:65 type:P dur:2 cpbdur:2 q:32.44 aq:24.23 tex:153678 mv:26701 misc:4157 imb:3340 pmb:738 smb:4082 d:s ref:0 ;
in:66 out:66 type:P dur:2 cpbdur:2 q:30.64 aq:22.96 tex:116693 mv:27225 misc:5234 imb:2526 pmb:1426 smb:4208 d:s ref:0 ;
in:67 out:67 type:P dur:2 cpbdur:2 q:28.61 aq:20.71 tex:117431 mv:25971 misc:5006 imb:1879 pmb:1856 smb:4425 d:s ref:0 ;
in:68 out:68 type:P dur:2 cpbdur:2 q:28.04 aq:19.97 tex:106293 mv:27596 misc:5687 imb:1943 pmb:2041 smb:4176 d:s ref:0 ;
in:70 out:69 type:P dur:2 cpbdur:2 q:27.48 aq:19.22 tex:119563 mv:29755 misc:5586 imb:2295 pmb:2158 smb:3707 d:s ref:0 ;
in:69 out:70 type:b dur:2 cpbdur:2 q:28.41 aq:20.24 tex:7264 mv:8347 misc:3917 imb:172 pmb:1053 smb:6935 d:s ref:0 ;
in:71 out:71 type:P dur:2 cpbdur:2 q:27.63 aq:18.91 tex:89906 mv:25948 misc:6154 imb:1635 pmb:2097 smb:4428 d:s ref:0 ;
in:75 out:72 type:P dur:2 cpbdur:2 q:27.93 aq:19.63 tex:116627 mv:27868 misc:4809 imb:2339 pmb:1824 smb:3997 d:s ref:0 ;
in:73 out:73 type:B dur:2 cpbdur:2 q:28.54 aq:20.87 tex:18789 mv:21783 misc:5644 imb:557 pmb:1828 smb:5775 d:s ref:0 ;
in:72 out:74 type:b dur:2 cpbdur:2 q:28.80 aq:21.07 tex:7724 mv:10098 misc:4418 imb:194 pmb:1284 smb:6682 d:s ref:0 ;
in:74 out:75 type:b dur:2 cpbdur:2 q:28.80 aq:22.44 tex:5418 mv:6785 misc:3661 imb:149 pmb:865 smb:7146 d:- ref:0 ;
in:76 out:76 type:P dur:2 cpbdur:2 q:28.78 aq:19.63 tex:131804 mv:27147 misc:5497 imb:2404 pmb:2049 smb:3707 d:s ref:0 ;
in:78 out:77 type:P dur:2 cpbdur:2 q:28.69 aq:19.39 tex:169971 mv:31535 misc:5358 imb:2854 pmb:2083 smb:3223 d:s ref:0 ;
in:77 out:78 type:b dur:2 cpbdur:2 q:29.43 aq:21.58 tex:10361 mv:13464 misc:4647 imb:453 pmb:1318 smb:6389 d:s ref:0 ;
in:82 out:79 type:P dur:2 cpbdur:2 q:28.86 aq:18.94 tex:212993 mv:37493 misc:4962 imb:3745 pmb:2233 smb:2182 d:s ref:0 ;
in:80 out:80 type:B dur:2 cpbdur:2 q:29.24 aq:20.92 tex:17589 mv:21478 misc:6077 imb:606 pmb:1920 smb:5634 d:s ref:0 ;
in:79 out:81 type:b dur:2 cpbdur:2 q:29.74 aq:22.31 tex:7856 mv:10707 misc:4581 imb:311 pmb:1188 smb:6661 d:s ref:0 ;
in:81 out:82 type:b dur:2 cpbdur:2 q:29.67 aq:22.63 tex:6456 mv:9263 misc:4257 imb:205 pmb:1127 smb:6828 d:- ref:0 ;
in:86 out:83 type:P dur:2 cpbdur:2 q:29.11 aq:18.59 tex:182990 mv:35456 misc:4994 imb:3207 pmb:2510 smb:2443 d:s ref:0 ;
in:84 out:84 type:B dur:2 cpbdur:2 q:29.55 aq:20.78 tex:11366 mv:14294 misc:5220 imb:350 pmb:1604 smb:6206 d:s ref:0 ;
in:83 out:85 type:b dur:2 cpbdur:2 q:30.02 aq:23.61 tex:6494 mv:9367 misc:3907 imb:177 pmb:1271 smb:6712 d:s ref:0 ;
in:85 out:86 type:b dur:2 cpbdur:2 q:29.99 aq:21.41 tex:6624 mv:6753 misc:3495 imb:156 pmb:1011 smb:6993 d:- ref:0 ;
in:90 out:87 type:P dur:2 cpbdur:2 q:30.16 aq:19.43 tex:71424 mv:24443 misc:5405 imb:2322 pmb:1505 smb:4333 d:s ref:0 ;
in:88 out:88 type:B dur:2 cpbdur:2 q:30.54 aq:20.97 tex:6638 mv:8849 misc:3465 imb:242 pmb:826 smb:7092 d:s ref:0 ;
in:87 out:89 type:b dur:2 cpbdur:2 q:30.97 aq:21.95 tex:3182 mv:4291 misc:2815 imb:88 pmb:619 smb:7453 d:s ref:0 ;
in:89 out:90 type:b dur:2 cpbdur:2 q:30.98 aq:22.20 tex:1351 mv:1716 misc:1581 imb:36 pmb:265 smb:7859 d:- ref:0 ;
in:94 out:91 type:P dur:2 cpbdur:2 q:30.61 aq:20.43 tex:48666 mv:19151 misc:4519 imb:1814 pmb:1097 smb:5249 d:s ref:0 ;
in:92 out:92 type:B dur:2 cpbdur:2 q:30.69 aq:21.60 tex:6484 mv:9524 misc:3672 imb:199 pmb:920 smb:7041 d:s ref:0 ;
in:91 out:93 type:b dur:2 cpbdur:2 q:31.13 aq:22.94 tex:1584 mv:2654 misc:1818 imb:46 pmb:312 smb:7802 d:s ref:0 ;
in:93 out:94 type:b dur:2 cpbdur:2 q:31.13 aq:21.75 tex:1313 mv:1737 misc:1894 imb:23 pmb:349 smb:7788 d:- ref:0 ;
in:98 out:95 type:P dur:2 cpbdur:2 q:30.77 aq:20.50 tex:59600 mv:19961 misc:4351 imb:1861 pmb:1096 smb:5203 d:s ref:0 ;
in:96 out:96 type:B dur:2 cpbdur:2 q:30.82 aq:22.34 tex:7077 mv:10743 misc:3724 imb:271 pmb:976 smb:6913 d:s ref:0 ;
in:95 out:97 type:b dur:2 cpbdur:2 q:30.83 aq:22.49 tex:3694 mv:4684 misc:2518 imb:123 pmb:526 smb:7511 d:s ref:0 ;
in:97 out:98 type:b dur:2 cpbdur:2 q:30.82 aq:22.81 tex:3803 mv:5519 misc:2766 imb:127 pmb:619 smb:7414 d:- ref:0 ;
in:102 out:99 type:P dur:2 cpbdur:2 q:30.60 aq:20.87 tex:54498 mv:19928 misc:4262 imb:1833 pmb:1112 smb:5215 d:s ref:0 ;
in:100 out:100 type:B dur:2 cpbdur:2 q:30.81 aq:22.88 tex:5756 mv:9831 misc:3429 imb:275 pmb:899 smb:6986 d:s ref:0 ;
in:99 out:101 type:b dur:2 cpbdur:2 q:30.81 aq:22.42 tex:2039 mv:2733 misc:2268 imb:57 pmb:472 smb:7631 d:s ref:0 ;
in:101 out:102 type:b dur:2 cpbdur:2 q:30.81 aq:23.72 tex:1767 mv:3121 misc:2128 imb:44 pmb:424 smb:7692 d:- ref:0 ;
in:106 out:103 type:P dur:2 cpbdur:2 q:30.60 aq:20.52 tex:45479 mv:20546 misc:3847 imb:1917 pmb:1112 smb:5131 d:s ref:0 ;
in:104 out:104 type:B dur:2 cpbdur:2 q:30.69 aq:21.49 tex:6273 mv:9473 misc:3198 imb:255 pmb:728 smb:7177 d:s ref:0 ;
in:103 out:105 type:b dur:2 cpbdur:2 q:30.69 aq:23.43 tex:1836 mv:2885 misc:2319 imb:67 pmb:477 smb:7616 d:s ref:0 ;
in:105 out:106 type:b dur:2 cpbdur:2 q:30.69 aq:23.03 tex:4142 mv:4453 misc:2565 imb:112 pmb:521 smb:7527 d:- ref:0 ;
in:110 out:107 type:P dur:2 cpbdur:2 q:30.53 aq:20.49 tex:52204 mv:21506 misc:5170 imb:1851 pmb:1258 smb:5051 d:s ref:0 ;
in:108 out:108 type:B dur:2 cpbdur:2 q:30.71 aq:21.81 tex:6783 mv:9500 misc:3661 imb:226 pmb:855 smb:7079 d:s ref:0 ;
in:107 out:109 type:b dur:2 cpbdur:2 q:30.73 aq:22.75 tex:3573 mv:5092 misc:2863 imb:98 pmb:633 smb:7429 d:s ref:0 ;
in:109 out:110 type:b dur:2 cpbdur:2 q:30.73 aq:21.45 tex:2531 mv:3284 misc:2641 imb:66 pmb:539 smb:7555 d:- ref:0 ;
in:114 out:111 type:P dur:2 cpbdur:2 q:30.25 aq:20.87 tex:53056 mv:21007 misc:4585 imb:1763 pmb:1121 smb:5276 d:s ref:0 ;
in:112 out:112 type:B dur:2 cpbdur:2 q:30.56 aq:22.45 tex:8786 mv:11802 misc:3852 imb:249 pmb:1061 smb:6850 d:s ref:0 ;
in:111 out:113 type:b dur:2 cpbdur:2 q:30.60 aq:23.35 tex:2509 mv:3932 misc:2191 imb:46 pmb:447 smb:7667 d:s ref:0 ;
in:113 out:114 type:b dur:2 cpbdur:2 q:30.60 aq:22.12 tex:1616 mv:2848 misc:2312 imb:51 pmb:490 smb:7619 d:- ref:0 ;
in:118 out:115 type:P dur:2 cpbdur:2 q:29.61 aq:19.67 tex:66304 mv:21988 misc:4852 imb:1868 pmb:1232 smb:5060 d:s ref:0 ;
in:116 out:116 type:B dur:2 cpbdur:2 q:30.34 aq:21.64 tex:9482 mv:11313 misc:3797 imb:226 pmb:1021 smb:6913 d:s ref:0 ;
in:115 out:117 type:b dur:2 cpbdur:2 q:30.43 aq:22.98 tex:4025 mv:5485 misc:2754 imb:96 pmb:634 smb:7430 d:s ref:0 ;
in:117 out:118 type:b dur:2 cpbdur:2 q:30.43 aq:22.91 tex:4527 mv:5838 misc:2659 imb:114 pmb:648 smb:7398 d:- ref:0 ;
in:122 out:119 type:P dur:2 cpbdur:2 q:29.16 aq:19.45 tex:60760 mv:23492 misc:4724 imb:2087 pmb:1351 smb:4722 d:s ref:0 ;
in:120 out:120 type:B dur:2 cpbdur:2 q:29.86 aq:21.76 tex:7693 mv:9760 misc:3699 imb:195 pmb:1019 smb:6946 d:s ref:0 ;
in:119 out:121 type:b dur:2 cpbdur:2 q:30.05 aq:22.83 tex:1732 mv:1262 misc:1950 imb:18 pmb:400 smb:7742 d:s ref:0 ;
in:121 out:122 type:b dur:2 cpbdur:2 q:30.05 aq:22.49 tex:2375 mv:3246 misc:2235 imb:53 pmb:424 smb:7683 d:- ref:0 ;
in:126 out:123 type:P dur:2 cpbdur:2 q:29.21 aq:19.53 tex:63776 mv:23609 misc:4551 imb:2083 pmb:1270 smb:4807 d:s ref:0 ;
in:124 out:124 type:B dur:2 cpbdur:2 q:29.39 aq:20.94 tex:12580 mv:11892 misc:3976 imb:245 pmb:1071 smb:6844 d:s ref:0 ;
in:123 out:125 type:b dur:2 cpbdur:2 q:29.40 aq:22.48 tex:1975 mv:3243 misc:2758 imb:31 pmb:683 smb:7446 d:s ref:0 ;
in:125 out:126 type:b dur:2 cpbdur:2 q:29.40 aq:22.14 tex:6435 mv:7820 misc:3297 imb:120 pmb:918 smb:7122 d:- ref:0 ;
in:130 out:127 type:P dur:2 cpbdur:2 q:29.25 aq:19.79 tex:69901 mv:23683 misc:4808 imb:1902 pmb:1363 smb:4895 d:s ref:0 ;
in:128 out:128 type:B dur:2 cpbdur:2 q:29.36 aq:21.11 tex:11558 mv:12713 misc:3961 imb:272 pmb:1115 smb:6773 d:s ref:0 ;
in:127 out:129 type:b dur:2 cpbdur:2 q:29.36 aq:22.10 tex:5612 mv:6275 misc:3033 imb:106 pmb:771 smb:7283 d:s ref:0 ;
in:129 out:130 type:b dur:2 cpbdur:2 q:29.36 aq:21.51 tex:2171 mv:2826 misc:2411 imb:45 pmb:494 smb:7621 d:- ref:0 ;
in:134 out:131 type:P dur:2 cpbdur:2 q:29.13 aq:20.46 tex:61432 mv:21470 misc:4738 imb:1814 pmb:1247 smb:5099 d:s ref:0 ;
in:132 out:132 type:B dur:2 cpbdur:2 q:29.35 aq:19.78 tex:10700 mv:12686 misc:4326 imb:249 pmb:1307 smb:6604 d:s ref:0 ;
in:131 out:133 type:b dur:2 cpbdur:2 q:29.35 aq:21.89 tex:2716 mv:4563 misc:2377 imb:52 pmb:472 smb:7636 d:s ref:0 ;
in:133 out:134 type:b dur:2 cpbdur:2 q:29.35 aq:20.79 tex:2387 mv:3440 misc:2589 imb:74 pmb:577 smb:7509 d:- ref:0 ;
in:138 out:135 type:P dur:2 cpbdur:2 q:28.19 aq:20.99 tex:102430 mv:30896 misc:4586 imb:2636 pmb:1777 smb:3747 d:s ref:0 ;
in:136 out:136 type:B dur:2 cpbdur:2 q:29.17 aq:21.24 tex:14060 mv:16255 misc:4909 imb:455 pmb:1472 smb:6233 d:s ref:0 ;
in:135 out:137 type:b dur:2 cpbdur:2 q:29.18 aq:21.72 tex:5998 mv:6211 misc:3263 imb:125 pmb:754 smb:7281 d:s ref:0 ;
in:137 out:138 type:b dur:2 cpbdur:2 q:29.18 aq:21.70 tex:7166 mv:9023 misc:3787 imb:272 pmb:922 smb:6966 d:- ref:0 ;
in:142 out:139 type:P dur:2 cpbdur:2 q:28.29 aq:20.79 tex:92851 mv:34574 misc:4895 imb:2593 pmb:1939 smb:3628 d:s ref:0 ;
in:140 out:140 type:B dur:2 cpbdur:2 q:28.40 aq:22.55 tex:20438 mv:25544 misc:5970 imb:657 pmb:2062 smb:5441 d:s ref:0 ;
in:139 out:141 type:b dur:2 cpbdur:2 q:28.41 aq:21.97 tex:6735 mv:9824 misc:4193 imb:235 pmb:1053 smb:6872 d:s ref:0 ;
in:141 out:142 type:b dur:2 cpbdur:2 q:28.40 aq:23.07 tex:9986 mv:15989 misc:5041 imb:406 pmb:1383 smb:6371 d:- ref:0 ;
in:144 out:143 type:P dur:2 cpbdur:2 q:28.23 aq:21.35 tex:81165 mv:32369 misc:5634 imb:2362 pmb:1925 smb:3873 d:s ref:0 ;
in:143 out:144 type:b dur:2 cpbdur:2 q:28.48 aq:23.24 tex:12627 mv:18641 misc:5284 imb:663 pmb:1375 smb:6122 d:s ref:0 ;
in:147 out:145 type:P dur:2 cpbdur:2 q:29.17 aq:22.40 tex:119270 mv:40865 misc:4441 imb:3745 pmb:1828 smb:2587 d:s ref:0 ;
in:145 out:146 type:B dur:2 cpbdur:2 q:29.18 aq:22.52 tex:18070 mv:26630 misc:5908 imb:677 pmb:1738 smb:5745 d:s ref:0 ;
in:146 out:147 type:b dur:2 cpbdur:2 q:29.18 aq:22.46 tex:17704 mv:25793 misc:6103 imb:782 pmb:1855 smb:5523 d:- ref:0 ;
in:148 out:148 type:P dur:2 cpbdur:2 q:28.89 aq:21.76 tex:94881 mv:33662 misc:5833 imb:2332 pmb:2088 smb:3740 d:s ref:0 ;
in:149 out:149 type:P dur:2 cpbdur:2 q:29.00 aq:22.47 tex:91325 mv:29417 misc:6154 imb:2111 pmb:2027 smb:4022 d:s ref:0 ;
in:151 out:150 type:P dur:2 cpbdur:2 q:31.03 aq:24.35 tex:144313 mv:39108 misc:5011 imb:3683 pmb:1763 smb:2714 d:s ref:0 ;
in:150 out:151 type:b dur:2 cpbdur:2 q:31.30 aq:25.23 tex:17156 mv:22817 misc:5971 imb:753 pmb:1650 smb:5757 d:s ref:0 ;
in:152 out:152 type:P dur:2 cpbdur:2 q:30.08 aq:23.34 tex:103822 mv:34300 misc:6062 imb:2432 pmb:2194 smb:3534 d:s ref:0 ;
in:153 out:153 type:P dur:2 cpbdur:2 q:29.95 aq:22.57 tex:113486 mv:36628 misc:5934 imb:2608 pmb:2425 smb:3127 d:s ref:0 ;
in:157 out:154 type:P dur:2 cpbdur:2 q:31.50 aq:23.50 tex:177521 mv:42928 misc:4671 imb:4014 pmb:1939 smb:2207 d:s ref:0 ;
in:155 out:155 type:B dur:2 cpbdur:2 q:31.82 aq:25.36 tex:20080 mv:25239 misc:6097 imb:656 pmb:1892 smb:5612 d:s ref:0 ;
in:154 out:156 type:b dur:2 cpbdur:2 q:32.12 aq:25.20 tex:8782 mv:14413 misc:5037 imb:345 pmb:1271 smb:6544 d:s ref:0 ;
in:156 out:157 type:b dur:2 cpbdur:2 q:32.12 aq:25.36 tex:8208 mv:13728 misc:4512 imb:297 pmb:1146 smb:6717 d:- ref:0 ;
in:161 out:158 type:P dur:2 cpbdur:2 q:30.90 aq:22.34 tex:142909 mv:42666 misc:5009 imb:3558 pmb:2467 smb:2135 d:s ref:0 ;
in:159 out:159 type:B dur:2 cpbdur:2 q:31.99 aq:24.66 tex:13476 mv:19132 misc:5088 imb:405 pmb:1459 smb:6296 d:s ref:0 ;
in:158 out:160 type:b dur:2 cpbdur:2 q:32.29 aq:29.22 tex:6997 mv:10645 misc:4214 imb:328 pmb:1010 smb:6822 d:s ref:0 ;
in:160 out:161 type:b dur:2 cpbdur:2 q:32.29 aq:27.13 tex:5502 mv:7716 misc:3350 imb:150 pmb:724 smb:7286 d:- ref:0 ;
in:165 out:162 type:P dur:2 cpbdur:2 q:30.09 aq:22.14 tex:85563 mv:26374 misc:6135 imb:2136 pmb:1997 smb:4027 d:s ref:0 ;
in:163 out:163 type:B dur:2 cpbdur:2 q:31.25 aq:22.53 tex:9869 mv:12975 misc:3764 imb:354 pmb:1146 smb:6660 d:s ref:0 ;
in:162 out:164 type:b dur:2 cpbdur:2 q:31.25 aq:22.09 tex:4220 mv:6002 misc:2810 imb:147 pmb:608 smb:7405 d:s ref:0 ;
in:164 out:165 type:b dur:2 cpbdur:2 q:31.25 aq:23.05 tex:1192 mv:2117 misc:2307 imb:24 pmb:522 smb:7614 d:- ref:0 ;
in:169 out:166 type:P dur:2 cpbdur:2 q:29.49 aq:21.06 tex:66000 mv:27887 misc:5633 imb:2437 pmb:1701 smb:4022 d:s ref:0 ;
in:167 out:167 type:B dur:2 cpbdur:2 q:30.26 aq:21.96 tex:9835 mv:13300 misc:4537 imb:348 pmb:1239 smb:6573 d:s ref:0 ;
in:166 out:168 type:b dur:2 cpbdur:2 q:30.78 aq:23.21 tex:5687 mv:7693 misc:3556 imb:185 pmb:882 smb:7093 d:s ref:0 ;
in:168 out:169 type:b dur:2 cpbdur:2 q:30.35 aq:22.71 tex:1533 mv:2480 misc:2467 imb:24 pmb:545 smb:7591 d:- ref:0 ;
in:173 out:170 type:P dur:2 cpbdur:2 q:28.71 aq:20.77 tex:76602 mv:28275 misc:4827 imb:2290 pmb:1636 smb:4234 d:s ref:0 ;
in:171 out:171 type:B dur:2 cpbdur:2 q:29.56 aq:22.38 tex:13608 mv:16095 misc:4585 imb:450 pmb:1262 smb:6448 d:s ref:0 ;
in:170 out:172 type:b dur:2 cpbdur:2 q:29.70 aq:22.78 tex:6602 mv:9226 misc:3468 imb:238 pmb:883 smb:7039 d:s ref:0 ;
in:172 out:173 type:b dur:2 cpbdur:2 q:29.70 aq:21.74 tex:10237 mv:12039 misc:3676 imb:287 pmb:1170 smb:6703 d:- ref:0 ;
in:176 out:174 type:P dur:2 cpbdur:2 q:27.45 aq:20.39 tex:74282 mv:32809 misc:4909 imb:2453 pmb:2084 smb:3623 d:s ref:0 ;
in:174 out:175 type:B dur:2 cpbdur:2 q:28.84 aq:21.19 tex:3561 mv:5588 misc:3699 imb:16 pmb:1017 smb:7127 d:s ref:0 ;
in:175 out:176 type:b dur:2 cpbdur:2 q:29.04 aq:21.83 tex:9323 mv:12692 misc:4761 imb:266 pmb:1493 smb:6401 d:- ref:0 ;
in:177 out:177 type:P dur:2 cpbdur:2 q:30.11 aq:23.43 tex:175130 mv:30325 misc:3393 imb:3507 pmb:872 smb:3781 d:s ref:0 ;
in:178 out:178 type:P dur:2 cpbdur:2 q:30.38 aq:22.66 tex:178445 mv:36196 misc:3839 imb:3331 pmb:1306 smb:3523 d:s ref:0 ;
in:179 out:179 type:P dur:2 cpbdur:2 q:30.49 aq:22.89 tex:174357 mv:26967 misc:2748 imb:2424 pmb:1187 smb:4549 d:s ref:0 ;
in:183 out:180 type:P dur:2 cpbdur:2 q:29.60 aq:19.92 tex:203840 mv:38186 misc:3390 imb:3426 pmb:1960 smb:2774 d:s ref:0 ;
in:181 out:181 type:B dur:2 cpbdur:2 q:30.72 aq:22.67 tex:14346 mv:14836 misc:4530 imb:450 pmb:1332 smb:6378 d:s ref:0 ;
in:180 out:182 type:b dur:2 cpbdur:2 q:30.95 aq:24.12 tex:8522 mv:11807 misc:4423 imb:294 pmb:1203 smb:6663 d:s ref:0 ;
in:182 out:183 type:b dur:2 cpbdur:2 q:30.83 aq:23.72 tex:6248 mv:8924 misc:3340 imb:220 pmb:940 smb:7000 d:- ref:0 ;
in:187 out:184 type:P dur:2 cpbdur:2 q:29.89 aq:20.21 tex:87563 mv:26272 misc:5629 imb:1628 pmb:2273 smb:4259 d:s ref:0 ;
in:185 out:185 type:B dur:2 cpbdur:2 q:30.14 aq:23.42 tex:7883 mv:11376 misc:4037 imb:214 pmb:1083 smb:6863 d:s ref:0 ;
in:184 out:186 type:b dur:2 cpbdur:2 q:30.21 aq:23.50 tex:1008 mv:3814 misc:2730 imb:21 pmb:638 smb:7501 d:s ref:0 ;
in:186 out:187 type:b dur:2 cpbdur:2 q:30.21 aq:23.50 tex:2968 mv:3842 misc:2294 imb:79 pmb:411 smb:7670 d:- ref:0 ;
in:191 out:188 type:P dur:2 cpbdur:2 q:28.99 aq:19.36 tex:119353 mv:27557 misc:5074 imb:1603 pmb:2868 smb:3689 d:s ref:0 ;
in:189 out:189 type:B dur:2 cpbdur:2 q:30.00 aq:21.88 tex:8762 mv:10509 misc:3289 imb:225 pmb:928 smb:7007 d:s ref:0 ;
in:188 out:190 type:b dur:2 cpbdur:2 q:30.11 aq:22.43 tex:1173 mv:2241 misc:2202 imb:30 pmb:434 smb:7696 d:s ref:0 ;
in:190 out:191 type:b dur:2 cpbdur:2 q:30.11 aq:22.90 tex:3988 mv:4859 misc:2321 imb:98 pmb:524 smb:7538 d:- ref:0 ;
in:195 out:192 type:P dur:2 cpbdur:2 q:29.08 aq:20.30 tex:40492 mv:17341 misc:4063 imb:1255 pmb:1175 smb:5730 d:s ref:0 ;
in:193 out:193 type:B dur:2 cpbdur:2 q:29.31 aq:20.74 tex:9076 mv:9712 misc:3260 imb:238 pmb:863 smb:7059 d:s ref:0 ;
in:192 out:194 type:b dur:2 cpbdur:2 q:29.31 aq:22.06 tex:5707 mv:6479 misc:2750 imb:145 pmb:725 smb:7290 d:s ref:0 ;
in:194 out:195 type:b dur:2 cpbdur:2 q:29.31 aq:22.08 tex:1387 mv:2167 misc:2038 imb:29 pmb:393 smb:7738 d:- ref:0 ;
in:199 out:196 type:P dur:2 cpbdur:2 q:27.94 aq:19.94 tex:38352 mv:17505 misc:3767 imb:1310 pmb:1079 smb:5771 d:s ref:0 ;
in:197 out:197 type:B dur:2 cpbdur:2 q:29.26 aq:21.12 tex:7332 mv:9140 misc:3336 imb:223 pmb:932 smb:7005 d:s ref:0 ;
in:196 out:198 type:b dur:2 cpbdur:2 q:29.26 aq:21.85 tex:3187 mv:4043 misc:2082 imb:99 pmb:389 smb:7672 d:s ref:0 ;
in:198 out:199 type:b dur:2 cpbdur:2 q:29.26 aq:21.63 tex:895 mv:1359 misc:1754 imb:10 pmb:333 smb:7817 d:- ref:0 ;
in:201 out:200 type:P dur:2 cpbdur:2 q:27.65 aq:19.65 tex:23801 mv:14730 misc:3197 imb:1086 pmb:859 smb:6215 d:s ref:0 ;
in:200 out:201 type:b dur:2 cpbdur:2 q:27.94 aq:21.28 tex:7332 mv:7548 misc:2552 imb:192 pmb:760 smb:7208 d:t ref:0 ;
in:202 out:202 type:I dur:2 cpbdur:2 q:25.02 aq:19.10 tex:860438 mv:167089 misc:409 imb:8160 pmb:0 smb:0 d:s ref:;
in:203 out:203 type:P dur:2 cpbdur:2 q:29.62 aq:21.47 tex:574852 mv:52095 misc:1181 imb:5519 pmb:2547 smb:94 d:s ref:0 w:6,75,-39,6,86,-43,81,-38 ;
in:207 out:204 type:P dur:2 cpbdur:2 q:31.14 aq:20.44 tex:337581 mv:41405 misc:1782 imb:4469 pmb:3271 smb:420 d:s ref:0 w:4,17,-15,6,64,0,71,-16 ;
in:205 out:205 type:B dur:2 cpbdur:2 q:31.31 aq:24.06 tex:8912 mv:5105 misc:3807 imb:45 pmb:1156 smb:6959 d:s ref:0 ;
in:204 out:206 type:b dur:2 cpbdur:2 q:31.36 aq:21.54 tex:4764 mv:4347 misc:3393 imb:72 pmb:986 smb:7102 d:s ref:0 ;
in:206 out:207 type:b dur:2 cpbdur:2 q:31.35 aq:21.75 tex:449 mv:591 misc:784 imb:2 pmb:79 smb:8079 d:- ref:0 ;
in:211 out:208 type:P dur:2 cpbdur:2 q:30.82 aq:22.45 tex:96142 mv:14204 misc:5526 imb:520 pmb:2401 smb:5239 d:s ref:0 ;
in:209 out:209 type:B dur:2 cpbdur:2 q:31.37 aq:25.82 tex:3193 mv:2389 misc:1642 imb:14 pmb:299 smb:7847 d:t ref:0 ;
in:208 out:210 type:b dur:2 cpbdur:2 q:31.41 aq:28.06 tex:422 mv:306 misc:648 imb:0 pmb:42 smb:8118 d:s ref:0 ;
in:210 out:211 type:b dur:2 cpbdur:2 q:31.41 aq:26.39 tex:547 mv:322 misc:763 imb:7 pmb:62 smb:8091 d:- ref:0 ;
in:215 out:212 type:P dur:2 cpbdur:2 q:30.76 aq:22.75 tex:58106 mv:10907 misc:4563 imb:317 pmb:1784 smb:6059 d:s ref:0 ;
in:213 out:213 type:B dur:2 cpbdur:2 q:31.38 aq:26.20 tex:2158 mv:2159 misc:1371 imb:4 pmb:234 smb:7922 d:t ref:0 ;
in:212 out:214 type:b dur:2 cpbdur:2 q:31.85 aq:30.63 tex:199 mv:103 misc:530 imb:1 pmb:21 smb:8138 d:s ref:0 ;
in:214 out:215 type:b dur:2 cpbdur:2 q:31.85 aq:27.77 tex:185 mv:108 misc:467 imb:0 pmb:14 smb:8146 d:- ref:0 ;
in:219 out:216 type:P dur:2 cpbdur:2 q:30.26 aq:21.95 tex:77827 mv:13119 misc:4318 imb:357 pmb:2046 smb:5757 d:s ref:0 ;
in:217 out:217 type:B dur:2 cpbdur:2 q:30.96 aq:25.65 tex:2947 mv:3078 misc:1695 imb:15 pmb:311 smb:7834 d:t ref:0 ;
in:216 out:218 type:b dur:2 cpbdur:2 q:31.19 aq:28.16 tex:298 mv:281 misc:621 imb:0 pmb:39 smb:8121 d:s ref:0 ;
in:218 out:219 type:b dur:2 cpbdur:2 q:31.11 aq:26.58 tex:864 mv:704 misc:816 imb:2 pmb:80 smb:8078 d:- ref:0 ;
in:223 out:220 type:P dur:2 cpbdur:2 q:29.77 aq:21.81 tex:75493 mv:13178 misc:4625 imb:364 pmb:2075 smb:5721 d:s ref:0 ;
in:221 out:221 type:B dur:2 cpbdur:2 q:30.52 aq:23.69 tex:4365 mv:3723 misc:1952 imb:19 pmb:409 smb:7732 d:t ref:0 ;
in:220 out:222 type:b dur:2 cpbdur:2 q:30.64 aq:25.90 tex:903 mv:662 misc:851 imb:2 pmb:100 smb:8058 d:s ref:0 ;
in:222 out:223 type:b dur:2 cpbdur:2 q:30.64 aq:22.05 tex:237 mv:324 misc:599 imb:1 pmb:44 smb:8115 d:- ref:0 ;
in:227 out:224 type:P dur:2 cpbdur:2 q:29.54 aq:21.29 tex:45462 mv:10265 misc:4513 imb:321 pmb:1560 smb:6279 d:s ref:0 ;
in:225 out:225 type:B dur:2 cpbdur:2 q:30.10 aq:25.31 tex:3483 mv:2461 misc:1680 imb:12 pmb:343 smb:7805 d:t ref:0 ;
in:224 out:226 type:b dur:2 cpbdur:2 q:30.34 aq:21.37 tex:345 mv:299 misc:644 imb:2 pmb:44 smb:8114 d:s ref:0 ;
in:226 out:227 type:b dur:2 cpbdur:2 q:30.34 aq:23.17 tex:443 mv:379 misc:714 imb:2 pmb:64 smb:8094 d:- ref:0 ;
in:231 out:228 type:P dur:2 cpbdur:2 q:29.26 aq:21.57 tex:62421 mv:11828 misc:4359 imb:347 pmb:1931 smb:5882 d:s ref:0 ;
in:229 out:229 type:B dur:2 cpbdur:2 q:29.81 aq:22.66 tex:2717 mv:2599 misc:1748 imb:8 pmb:333 smb:7819 d:s ref:0 ;
in:228 out:230 type:b dur:2 cpbdur:2 q:29.97 aq:22.21 tex:620 mv:346 misc:786 imb:3 pmb:72 smb:8085 d:s ref:0 ;
in:230 out:231 type:b dur:2 cpbdur:2 q:29.98 aq:22.51 tex:911 mv:710 misc:963 imb:6 pmb:103 smb:8051 d:- ref:0 ;
in:235 out:232 type:P dur:2 cpbdur:2 q:29.50 aq:21.74 tex:62243 mv:14798 misc:4495 imb:645 pmb:1732 smb:5783 d:s ref:0 ;
in:233 out:233 type:B dur:2 cpbdur:2 q:29.51 aq:24.47 tex:8480 mv:6142 misc:2682 imb:65 pmb:664 smb:7431 d:s ref:0 ;
in:232 out:234 type:b dur:2 cpbdur:2 q:29.51 aq:24.11 tex:1679 mv:1267 misc:1182 imb:14 pmb:168 smb:7978 d:s ref:0 ;
in:234 out:235 type:b dur:2 cpbdur:2 q:29.51 aq:27.88 tex:2665 mv:3274 misc:1493 imb:91 pmb:246 smb:7823 d:- ref:0 ;
in:239 out:236 type:P dur:2 cpbdur:2 q:30.00 aq:24.68 tex:109497 mv:24944 misc:5487 imb:1685 pmb:2105 smb:4370 d:s ref:0 ;
in:237 out:237 type:B dur:2 cpbdur:2 q:30.68 aq:27.97 tex:18299 mv:14845 misc:4448 imb:346 pmb:1339 smb:6475 d:s ref:0 ;
in:236 out:238 type:b dur:2 cpbdur:2 q:31.10 aq:29.60 tex:5791 mv:6838 misc:2643 imb:185 pmb:584 smb:7391 d:s ref:0 ;
in:238 out:239 type:b dur:2 cpbdur:2 q:31.10 aq:29.83 tex:7866 mv:10063 misc:3567 imb:228 pmb:943 smb:6989 d:- ref:0 ;
in:240 out:240 type:P dur:2 cpbdur:2 q:29.89 aq:24.21 tex:68670 mv:19944 misc:5746 imb:1096 pmb:2300 smb:4764 d:s ref:0 ;
in:242 out:241 type:P dur:2 cpbdur:2 q:30.13 aq:24.63 tex:59972 mv:24097 misc:5859 imb:1330 pmb:2511 smb:4319 d:s ref:0 ;
in:241 out:242 type:b dur:2 cpbdur:2 q:30.36 aq:22.98 tex:6301 mv:13676 misc:4479 imb:397 pmb:1068 smb:6695 d:s ref:0 ;
in:243 out:243 type:P dur:2 cpbdur:2 q:30.43 aq:25.21 tex:80601 mv:24196 misc:5707 imb:1529 pmb:2377 smb:4254 d:s ref:0 ;
in:244 out:244 type:P dur:2 cpbdur:2 q:30.55 aq:24.48 tex:86554 mv:26243 misc:5451 imb:1594 pmb:2498 smb:4068 d:s ref:0 ;
in:245 out:245 type:P dur:2 cpbdur:2 q:31.01 aq:25.10 tex:83527 mv:24873 misc:5296 imb:1359 pmb:2448 smb:4353 d:s ref:0 ;
in:246 out:246 type:P dur:2 cpbdur:2 q:31.14 aq:24.62 tex:102733 mv:29623 misc:4884 imb:2042 pmb:2570 smb:3548 d:s ref:0 ;
in:247 out:247 type:P dur:2 cpbdur:2 q:31.51 aq:24.70 tex:116198 mv:28974 misc:4556 imb:1575 pmb:2635 smb:3950 d:s ref:0 ;
in:248 out:248 type:P dur:2 cpbdur:2 q:31.93 aq:24.18 tex:131471 mv:27547 misc:4726 imb:1385 pmb:2621 smb:4154 d:s ref:0 ;
in:249 out:249 type:P dur:2 cpbdur:2 q:32.22 aq:24.07 tex:113647 mv:26849 misc:4648 imb:1584 pmb:2576 smb:4000 d:s ref:0 ;
in:250 out:250 type:P dur:2 cpbdur:2 q:32.18 aq:23.65 tex:119975 mv:28592 misc:5089 imb:1979 pmb:2662 smb:3519 d:s ref:0 ;
in:252 out:251 type:P dur:2 cpbdur:2 q:32.32 aq:23.18 tex:147123 mv:29518 misc:4903 imb:1810 pmb:2621 smb:3729 d:s ref:0 ;
in:251 out:252 type:b dur:2 cpbdur:2 q:33.00 aq:26.49 tex:3111 mv:14786 misc:4719 imb:346 pmb:1310 smb:6504 d:s ref:0 ;
in:256 out:253 type:P dur:2 cpbdur:2 q:33.44 aq:24.10 tex:101832 mv:29857 misc:4679 imb:2301 pmb:2410 smb:3449 d:s ref:0 ;
in:254 out:254 type:B dur:2 cpbdur:2 q:33.52 aq:23.57 tex:5670 mv:15682 misc:4864 imb:282 pmb:1508 smb:6370 d:s ref:0 ;
in:253 out:255 type:b dur:2 cpbdur:2 q:33.96 aq:28.87 tex:3143 mv:10427 misc:3590 imb:323 pmb:919 smb:6918 d:s ref:0 ;
in:255 out:256 type:b dur:2 cpbdur:2 q:33.96 aq:26.58 tex:1966 mv:7978 misc:2872 imb:300 pmb:668 smb:7192 d:- ref:0 ;
in:260 out:257 type:P dur:2 cpbdur:2 q:33.40 aq:24.34 tex:138930 mv:22112 misc:5678 imb:1635 pmb:2162 smb:4363 d:s ref:0 ;
in:258 out:258 type:B dur:2 cpbdur:2 q:33.78 aq:26.17 tex:2111 mv:6011 misc:3038 imb:108 pmb:703 smb:7349 d:s ref:0 ;
in:257 out:259 type:b dur:2 cpbdur:2 q:33.78 aq:26.95 tex:697 mv:3510 misc:1745 imb:83 pmb:331 smb:7746 d:s ref:0 ;
in:259 out:260 type:b dur:2 cpbdur:2 q:33.78 aq:21.68 tex:601 mv:663 misc:976 imb:18 pmb:111 smb:8031 d:- ref:0 ;
in:264 out:261 type:P dur:2 cpbdur:2 q:33.13 aq:24.08 tex:62586 mv:13836 misc:4658 imb:900 pmb:1447 smb:5813 d:s ref:0 ;
in:262 out:262 type:B dur:2 cpbdur:2 q:33.76 aq:29.58 tex:2434 mv:3032 misc:1774 imb:75 pmb:239 smb:7846 d:t ref:0 ;
in:261 out:263 type:b dur:2 cpbdur:2 q:33.76 aq:20.49 tex:371 mv:409 misc:716 imb:15 pmb:48 smb:8097 d:s ref:0 ;
in:263 out:264 type:b dur:2 cpbdur:2 q:33.76 aq:30.17 tex:284 mv:228 misc:584 imb:15 pmb:21 smb:8124 d:- ref:0 ;
in:268 out:265 type:P dur:2 cpbdur:2 q:32.42 aq:24.27 tex:55306 mv:12553 misc:4837 imb:792 pmb:1407 smb:5961 d:s ref:0 ;
in:266 out:266 type:B dur:2 cpbdur:2 q:33.36 aq:29.35 tex:2179 mv:3278 misc:1847 imb:83 pmb:311 smb:7766 d:t ref:0 ;
in:265 out:267 type:b dur:2 cpbdur:2 q:33.46 aq:28.57 tex:405 mv:285 misc:614 imb:5 pmb:35 smb:8120 d:s ref:0 ;
in:267 out:268 type:b dur:2 cpbdur:2 q:33.46 aq:17.23 tex:251 mv:332 misc:673 imb:6 pmb:53 smb:8101 d:- ref:0 ;
in:272 out:269 type:P dur:2 cpbdur:2 q:31.46 aq:21.91 tex:100371 mv:15875 misc:5234 imb:1241 pmb:1865 smb:5054 d:s ref:0 ;
in:270 out:270 type:B dur:2 cpbdur:2 q:32.79 aq:24.13 tex:2750 mv:2543 misc:2027 imb:79 pmb:341 smb:7740 d:s ref:0 ;
in:269 out:271 type:b dur:2 cpbdur:2 q:32.96 aq:23.66 tex:830 mv:464 misc:986 imb:15 pmb:103 smb:8042 d:s ref:0 ;
in:271 out:272 type:b dur:2 cpbdur:2 q:32.96 aq:20.57 tex:505 mv:298 misc:941 imb:4 pmb:113 smb:8043 d:- ref:0 ;
in:276 out:273 type:P dur:2 cpbdur:2 q:30.79 aq:21.27 tex:98949 mv:14620 misc:4735 imb:1030 pmb:1758 smb:5372 d:s ref:0 ;
in:274 out:274 type:B dur:2 cpbdur:2 q:31.59 aq:22.84 tex:3612 mv:2843 misc:1817 imb:64 pmb:300 smb:7796 d:t ref:0 ;
in:273 out:275 type:b dur:2 cpbdur:2 q:31.76 aq:22.52 tex:868 mv:575 misc:1029 imb:22 pmb:104 smb:8034 d:s ref:0 ;
in:275 out:276 type:b dur:2 cpbdur:2 q:31.69 aq:21.09 tex:1097 mv:770 misc:1189 imb:29 pmb:138 smb:7993 d:- ref:0 ;
in:280 out:277 type:P dur:2 cpbdur:2 q:30.74 aq:21.47 tex:91651 mv:15847 misc:5134 imb:1251 pmb:1834 smb:5075 d:s ref:0 ;
in:278 out:278 type:B dur:2 cpbdur:2 q:31.29 aq:22.75 tex:5122 mv:4539 misc:2371 imb:95 pmb:586 smb:7479 d:s ref:0 ;
in:277 out:279 type:b dur:2 cpbdur:2 q:31.72 aq:24.38 tex:998 mv:918 misc:1244 imb:18 pmb:199 smb:7943 d:s ref:0 ;
in:279 out:280 type:b dur:2 cpbdur:2 q:31.39 aq:25.31 tex:2169 mv:2426 misc:1517 imb:95 pmb:305 smb:7760 d:- ref:0 ;
in:284 out:281 type:P dur:2 cpbdur:2 q:31.18 aq:21.78 tex:73164 mv:16750 misc:3822 imb:1659 pmb:1382 smb:5119 d:s ref:0 ;
in:282 out:282 type:B dur:2 cpbdur:2 q:31.88 aq:24.22 tex:20280 mv:8201 misc:2823 imb:343 pmb:657 smb:7160 d:s ref:0 ;
in:281 out:283 type:b dur:2 cpbdur:2 q:32.31 aq:26.91 tex:2695 mv:3702 misc:1411 imb:211 pmb:328 smb:7621 d:s ref:0 ;
in:283 out:284 type:b dur:2 cpbdur:2 q:32.31 aq:23.57 tex:5833 mv:3049 misc:1334 imb:156 pmb:262 smb:7742 d:- ref:0 ;
in:288 out:285 type:P dur:2 cpbdur:2 q:31.30 aq:21.85 tex:81690 mv:15148 misc:4018 imb:1047 pmb:1441 smb:5672 d:s ref:0 ;
in:286 out:286 type:B dur:2 cpbdur:2 q:31.87 aq:25.73 tex:7787 mv:8599 misc:3198 imb:410 pmb:820 smb:6930 d:s ref:0 ;
in:285 out:287 type:b dur:2 cpbdur:2 q:32.30 aq:22.13 tex:2290 mv:1890 misc:1500 imb:63 pmb:255 smb:7842 d:s ref:0 ;
in:287 out:288 type:b dur:2 cpbdur:2 q:32.30 aq:30.18 tex:1404 mv:1197 misc:1335 imb:14 pmb:265 smb:7881 d:- ref:0 ;
in:292 out:289 type:P dur:2 cpbdur:2 q:31.58 aq:22.95 tex:120684 mv:16808 misc:3940 imb:1299 pmb:1531 smb:5330 d:s ref:0 ;
in:290 out:290 type:B dur:2 cpbdur:2 q:32.22 aq:26.88 tex:11517 mv:8925 misc:2854 imb:328 pmb:702 smb:7130 d:t ref:0 ;
in:289 out:291 type:b dur:2 cpbdur:2 q:32.68 aq:25.45 tex:3101 mv:3600 misc:1483 imb:152 pmb:237 smb:7771 d:s ref:0 ;
in:291 out:292 type:b dur:2 cpbdur:2 q:32.66 aq:25.49 tex:2059 mv:3243 misc:1610 imb:86 pmb:318 smb:7756 d:- ref:0 ;
in:296 out:293 type:P dur:2 cpbdur:2 q:30.32 aq:23.45 tex:173050 mv:26412 misc:4594 imb:1957 pmb:2370 smb:3833 d:s ref:0 ;
in:294 out:294 type:B dur:2 cpbdur:2 q:32.19 aq:23.22 tex:6625 mv:8804 misc:3779 imb:176 pmb:1099 smb:6885 d:s ref:0 ;
in:293 out:295 type:b dur:2 cpbdur:2 q:32.63 aq:27.74 tex:2198 mv:2940 misc:1494 imb:42 pmb:307 smb:7811 d:s ref:0 ;
in:295 out:296 type:b dur:2 cpbdur:2 q:32.63 aq:24.89 tex:3214 mv:4281 misc:2321 imb:73 pmb:605 smb:7482 d:- ref:0 ;
in:300 out:297 type:P dur:2 cpbdur:2 q:29.39 aq:23.06 tex:141826 mv:31613 misc:4769 imb:2123 pmb:2699 smb:3338 d:s ref:0 ;
in:298 out:298 type:B dur:2 cpbdur:2 q:30.75 aq:24.59 tex:18632 mv:19052 misc:5164 imb:419 pmb:1589 smb:6152 d:s ref:0 ;
in:297 out:299 type:b dur:2 cpbdur:2 q:31.19 aq:25.99 tex:4519 mv:8143 misc:3426 imb:106 pmb:928 smb:7126 d:s ref:0 ;
in:299 out:300 type:b dur:2 cpbdur:2 q:31.19 aq:27.03 tex:6887 mv:11538 misc:3879 imb:288 pmb:1033 smb:6839 d:- ref:0 ;
in:303 out:301 type:P dur:2 cpbdur:2 q:29.27 aq:22.19 tex:150228 mv:34030 misc:4622 imb:2096 pmb:2761 smb:3303 d:s ref:0 ;
in:301 out:302 type:B dur:2 cpbdur:2 q:29.78 aq:24.17 tex:15762 mv:23544 misc:5358 imb:585 pmb:1614 smb:5961 d:s ref:0 ;
in:302 out:303 type:b dur:2 cpbdur:2 q:30.07 aq:26.10 tex:9826 mv:19395 misc:4779 imb:460 pmb:1373 smb:6327 d:- ref:0 ;
in:304 out:304 type:P dur:2 cpbdur:2 q:29.57 aq:23.42 tex:99097 mv:27464 misc:5071 imb:1716 pmb:2546 smb:3898 d:s ref:0 ;
in:305 out:305 type:P dur:2 cpbdur:2 q:29.56 aq:23.07 tex:101907 mv:28650 misc:4867 imb:1714 pmb:2595 smb:3851 d:s ref:0 ;
in:306 out:306 type:P dur:2 cpbdur:2 q:29.56 aq:21.78 tex:121890 mv:30041 misc:4949 imb:1817 pmb:2721 smb:3622 d:s ref:0 ;
in:307 out:307 type:P dur:2 cpbdur:2 q:29.85 aq:23.35 tex:149130 mv:30039 misc:4623 imb:1650 pmb:2824 smb:3686 d:s ref:0 ;
in:308 out:308 type:P dur:2 cpbdur:2 q:30.11 aq:22.98 tex:145633 mv:30706 misc:4461 imb:1626 pmb:3018 smb:3516 d:s ref:0 ;
in:309 out:309 type:P dur:2 cpbdur:2 q:30.38 aq:23.96 tex:133566 mv:29504 misc:4762 imb:1697 pmb:2918 smb:3545 d:s ref:0 ;
in:310 out:310 type:P dur:2 cpbdur:2 q:30.25 aq:22.51 tex:145451 mv:29834 misc:5059 imb:1753 pmb:3019 smb:3388 d:s ref:0 ;
in:312 out:311 type:P dur:2 cpbdur:2 q:30.38 aq:22.27 tex:188025 mv:32687 misc:4376 imb:2106 pmb:2990 smb:3064 d:s ref:0 ;
in:311 out:312 type:b dur:2 cpbdur:2 q:30.38 aq:26.74 tex:10167 mv:17590 misc:4795 imb:441 pmb:1298 smb:6421 d:s ref:0 ;
in:316 out:313 type:P dur:2 cpbdur:2 q:30.50 aq:22.01 tex:199870 mv:34994 misc:4512 imb:2078 pmb:3023 smb:3059 d:s ref:0 ;
in:314 out:314 type:B dur:2 cpbdur:2 q:30.95 aq:26.74 tex:17575 mv:20933 misc:5396 imb:400 pmb:1609 smb:6151 d:s ref:0 ;
in:313 out:315 type:b dur:2 cpbdur:2 q:31.72 aq:27.05 tex:6645 mv:14289 misc:4154 imb:265 pmb:1136 smb:6759 d:s ref:0 ;
in:315 out:316 type:b dur:2 cpbdur:2 q:31.37 aq:26.64 tex:5389 mv:9570 misc:3609 imb:193 pmb:896 smb:7071 d:- ref:0 ;
in:320 out:317 type:P dur:2 cpbdur:2 q:30.30 aq:22.11 tex:125805 mv:27283 misc:5728 imb:1752 pmb:2700 smb:3708 d:s ref:0 ;
in:318 out:318 type:B dur:2 cpbdur:2 q:30.53 aq:25.07 tex:5530 mv:8790 misc:4016 imb:78 pmb:1104 smb:6978 d:s ref:0 ;
in:317 out:319 type:b dur:2 cpbdur:2 q:30.53 aq:28.88 tex:3509 mv:8594 misc:3217 imb:176 pmb:764 smb:7220 d:s ref:0 ;
in:319 out:320 type:b dur:2 cpbdur:2 q:30.53 aq:23.76 tex:3888 mv:2812 misc:1692 imb:41 pmb:376 smb:7743 d:- ref:0 ;
in:324 out:321 type:P dur:2 cpbdur:2 q:29.93 aq:21.78 tex:58666 mv:11881 misc:4757 imb:445 pmb:1577 smb:6138 d:s ref:0 ;
in:322 out:322 type:B dur:2 cpbdur:2 q:30.69 aq:25.97 tex:5448 mv:2928 misc:1760 imb:28 pmb:346 smb:7786 d:t ref:0 ;
in:321 out:323 type:b dur:2 cpbdur:2 q:30.77 aq:23.72 tex:2829 mv:1099 misc:784 imb:4 pmb:116 smb:8040 d:s ref:0 ;
in:323 out:324 type:b dur:2 cpbdur:2 q:30.77 aq:24.59 tex:1531 mv:918 misc:775 imb:1 pmb:111 smb:8048 d:- ref:0 ;
in:325 out:325 type:P dur:2 cpbdur:2 q:29.56 aq:22.11 tex:193377 mv:20031 misc:4240 imb:961 pmb:2140 smb:5059 d:s ref:0 ;
in:326 out:326 type:P dur:2 cpbdur:2 q:29.57 aq:21.50 tex:156926 mv:21636 misc:4214 imb:704 pmb:2472 smb:4984 d:s ref:0 ;
in:327 out:327 type:P dur:2 cpbdur:2 q:29.76 aq:22.06 tex:129499 mv:20408 misc:3117 imb:458 pmb:2356 smb:5346 d:s ref:0 ;
in:331 out:328 type:P dur:2 cpbdur:2 q:30.05 aq:20.88 tex:201178 mv:30579 misc:3123 imb:1541 pmb:2554 smb:4065 d:s ref:0 ;
in:329 out:329 type:B dur:2 cpbdur:2 q:30.14 aq:27.65 tex:32499 mv:26599 misc:3014 imb:119 pmb:2143 smb:5898 d:s ref:0 ;
in:328 out:330 type:b dur:2 cpbdur:2 q:30.14 aq:29.41 tex:8937 mv:16807 misc:3272 imb:49 pmb:1166 smb:6945 d:s ref:0 ;
in:330 out:331 type:b dur:2 cpbdur:2 q:30.14 aq:27.37 tex:8751 mv:19878 misc:3499 imb:73 pmb:1373 smb:6714 d:- ref:0 ;
in:335 out:332 type:P dur:2 cpbdur:2 q:30.48 aq:20.43 tex:156440 mv:26124 misc:3332 imb:686 pmb:2599 smb:4875 d:s ref:0 ;
in:333 out:333 type:B dur:2 cpbdur:2 q:30.47 aq:27.18 tex:8450 mv:16754 misc:3708 imb:47 pmb:1314 smb:6799 d:s ref:0 ;
in:332 out:334 type:b dur:2 cpbdur:2 q:30.47 aq:31.42 tex:3882 mv:5782 misc:2632 imb:36 pmb:709 smb:7415 d:s ref:0 ;
in:334 out:335 type:b dur:2 cpbdur:2 q:30.48 aq:27.52 tex:4461 mv:9929 misc:3082 imb:22 pmb:948 smb:7190 d:- ref:0 ;
in:339 out:336 type:P dur:2 cpbdur:2 q:30.36 aq:20.43 tex:112352 mv:22761 misc:3735 imb:622 pmb:2561 smb:4977 d:s ref:0 ;
in:337 out:337 type:B dur:2 cpbdur:2 q:30.60 aq:28.06 tex:3383 mv:6581 misc:3140 imb:16 pmb:895 smb:7249 d:s ref:0 ;
in:336 out:338 type:b dur:2 cpbdur:2 q:30.60 aq:29.34 tex:2979 mv:8341 misc:2408 imb:11 pmb:856 smb:7293 d:s ref:0 ;
in:338 out:339 type:b dur:2 cpbdur:2 q:30.60 aq:23.55 tex:183 mv:489 misc:912 imb:7 pmb:109 smb:8044 d:- ref:0 ;
in:343 out:340 type:P dur:2 cpbdur:2 q:30.27 aq:21.10 tex:32458 mv:8148 misc:3826 imb:332 pmb:1085 smb:6743 d:s ref:0 ;
in:341 out:341 type:B dur:2 cpbdur:2 q:30.75 aq:24.33 tex:1179 mv:1731 misc:1282 imb:25 pmb:204 smb:7931 d:s ref:0 ;
in:340 out:342 type:b dur:2 cpbdur:2 q:30.81 aq:22.19 tex:535 mv:382 misc:771 imb:10 pmb:72 smb:8078 d:s ref:0 ;
in:342 out:343 type:b dur:2 cpbdur:2 q:30.81 aq:23.59 tex:97 mv:111 misc:480 imb:1 pmb:20 smb:8139 d:- ref:0 ;
in:347 out:344 type:P dur:2 cpbdur:2 q:29.48 aq:20.70 tex:22157 mv:6278 misc:3357 imb:356 pmb:789 smb:7015 d:s ref:0 ;
in:345 out:345 type:B dur:2 cpbdur:2 q:30.54 aq:24.58 tex:1085 mv:1373 misc:1134 imb:23 pmb:194 smb:7943 d:t ref:0 ;
in:344 out:346 type:b dur:2 cpbdur:2 q:30.72 aq:23.49 tex:314 mv:189 misc:657 imb:3 pmb:50 smb:8107 d:s ref:0 ;
in:346 out:347 type:b dur:2 cpbdur:2 q:30.72 aq:22.35 tex:261 mv:214 misc:741 imb:0 pmb:81 smb:8079 d:- ref:0 ;
in:351 out:348 type:P dur:2 cpbdur:2 q:28.91 aq:20.72 tex:76759 mv:16605 misc:4540 imb:580 pmb:2236 smb:5344 d:s ref:0 ;
in:349 out:349 type:B dur:2 cpbdur:2 q:29.83 aq:25.79 tex:3626 mv:4896 misc:2390 imb:55 pmb:567 smb:7538 d:s ref:0 ;
in:348 out:350 type:b dur:2 cpbdur:2 q:30.17 aq:21.02 tex:441 mv:1038 misc:1433 imb:6 pmb:249 smb:7905 d:s ref:0 ;
in:350 out:351 type:b dur:2 cpbdur:2 q:30.17 aq:28.66 tex:3588 mv:4068 misc:2072 imb:12 pmb:495 smb:7653 d:- ref:0 ;
in:355 out:352 type:P dur:2 cpbdur:2 q:29.03 aq:21.37 tex:64604 mv:14657 misc:4451 imb:543 pmb:1853 smb:5764 d:s ref:0 ;
in:353 out:353 type:B dur:2 cpbdur:2 q:29.35 aq:26.49 tex:12746 mv:8523 misc:2915 imb:86 pmb:779 smb:7295 d:s ref:0 ;
in:352 out:354 type:b dur:2 cpbdur:2 q:29.35 aq:27.13 tex:4689 mv:4540 misc:1899 imb:21 pmb:467 smb:7672 d:s ref:0 ;
in:354 out:355 type:b dur:2 cpbdur:2 q:29.35 aq:28.13 tex:6277 mv:4401 misc:1826 imb:37 pmb:440 smb:7683 d:- ref:0 ;
in:356 out:356 type:P dur:2 cpbdur:2 q:28.52 aq:21.02 tex:68667 mv:14249 misc:5012 imb:428 pmb:2187 smb:5545 d:s ref:0 ;
in:358 out:357 type:P dur:2 cpbdur:2 q:28.95 aq:20.64 tex:53753 mv:12933 misc:4690 imb:456 pmb:1701 smb:6003 d:s ref:0 ;
in:357 out:358 type:b dur:2 cpbdur:2 q:28.95 aq:27.89 tex:6007 mv:4765 misc:2020 imb:41 pmb:496 smb:7623 d:s ref:0 ;
in:359 out:359 type:P dur:2 cpbdur:2 q:28.98 aq:20.33 tex:60447 mv:13904 misc:4289 imb:429 pmb:1987 smb:5744 d:s ref:0 ;
in:361 out:360 type:P dur:2 cpbdur:2 q:28.93 aq:20.29 tex:62098 mv:14002 misc:4684 imb:681 pmb:1806 smb:5673 d:s ref:0 ;
in:360 out:361 type:b dur:2 cpbdur:2 q:29.33 aq:24.72 tex:6375 mv:5077 misc:2148 imb:50 pmb:572 smb:7538 d:s ref:0 ;
in:362 out:362 type:P dur:2 cpbdur:2 q:29.19 aq:20.25 tex:51499 mv:10474 misc:3827 imb:302 pmb:1701 smb:6157 d:s ref:0 ;
in:364 out:363 type:P dur:2 cpbdur:2 q:28.95 aq:19.65 tex:72075 mv:15270 misc:4103 imb:580 pmb:2080 smb:5500 d:s ref:0 ;
in:363 out:364 type:b dur:2 cpbdur:2 q:29.60 aq:23.60 tex:3428 mv:4121 misc:1611 imb:55 pmb:375 smb:7730 d:s ref:0 ;
in:365 out:365 type:P dur:2 cpbdur:2 q:29.04 aq:20.11 tex:57536 mv:11816 misc:4688 imb:384 pmb:1818 smb:5958 d:s ref:0 ;
in:366 out:366 type:P dur:2 cpbdur:2 q:28.82 aq:19.46 tex:63994 mv:12606 misc:4496 imb:430 pmb:2076 smb:5654 d:s ref:0 ;
in:369 out:367 type:P dur:2 cpbdur:2 q:28.83 aq:19.89 tex:51509 mv:13063 misc:4676 imb:581 pmb:1741 smb:5838 d:s ref:0 ;
in:367 out:368 type:B dur:2 cpbdur:2 q:29.22 aq:24.02 tex:3357 mv:4413 misc:1934 imb:34 pmb:492 smb:7634 d:s ref:0 ;
in:368 out:369 type:b dur:2 cpbdur:2 q:29.22 aq:24.03 tex:1866 mv:3209 misc:1757 imb:19 pmb:395 smb:7746 d:- ref:0 ;
in:373 out:370 type:P dur:2 cpbdur:2 q:29.14 aq:19.12 tex:64225 mv:15307 misc:4484 imb:648 pmb:1907 smb:5605 d:s ref:0 ;
in:371 out:371 type:B dur:2 cpbdur:2 q:29.29 aq:22.80 tex:5123 mv:6354 misc:2779 imb:66 pmb:694 smb:7400 d:s ref:0 ;
in:370 out:372 type:b dur:2 cpbdur:2 q:29.29 aq:24.27 tex:3410 mv:4339 misc:2307 imb:35 pmb:547 smb:7578 d:s ref:0 ;
in:372 out:373 type:b dur:2 cpbdur:2 q:29.29 aq:24.12 tex:1507 mv:2850 misc:1739 imb:6 pmb:358 smb:7796 d:- ref:0 ;
in:377 out:374 type:P dur:2 cpbdur:2 q:29.37 aq:20.64 tex:54276 mv:13941 misc:4359 imb:516 pmb:1732 smb:5912 d:s ref:0 ;
in:375 out:375 type:B dur:2 cpbdur:2 q:29.48 aq:24.55 tex:4954 mv:5626 misc:2580 imb:40 pmb:645 smb:7475 d:s ref:0 ;
in:374 out:376 type:b dur:2 cpbdur:2 q:29.57 aq:30.40 tex:1557 mv:2264 misc:1635 imb:12 pmb:272 smb:7876 d:s ref:0 ;
in:376 out:377 type:b dur:2 cpbdur:2 q:29.57 aq:27.80 tex:1968 mv:2202 misc:1750 imb:7 pmb:363 smb:7790 d:- ref:0 ;
in:381 out:378 type:P dur:2 cpbdur:2 q:29.53 aq:19.94 tex:59534 mv:15646 misc:4404 imb:880 pmb:1596 smb:5684 d:s ref:0 ;
in:379 out:379 type:B dur:2 cpbdur:2 q:29.67 aq:24.01 tex:7183 mv:8081 misc:2984 imb:96 pmb:806 smb:7258 d:s ref:0 ;
in:378 out:380 type:b dur:2 cpbdur:2 q:29.77 aq:26.63 tex:2421 mv:3809 misc:2074 imb:22 pmb:457 smb:7681 d:s ref:0 ;
in:380 out:381 type:b dur:2 cpbdur:2 q:29.77 aq:24.92 tex:3389 mv:4793 misc:2306 imb:50 pmb:538 smb:7572 d:- ref:0 ;
in:384 out:382 type:P dur:2 cpbdur:2 q:29.02 aq:20.40 tex:79582 mv:15853 misc:3733 imb:683 pmb:1968 smb:5509 d:s ref:0 ;
in:382 out:383 type:B dur:2 cpbdur:2 q:29.94 aq:23.71 tex:4577 mv:5416 misc:2127 imb:58 pmb:504 smb:7598 d:s ref:0 ;
in:383 out:384 type:b dur:2 cpbdur:2 q:30.06 aq:24.07 tex:3123 mv:3929 misc:1676 imb:45 pmb:382 smb:7733 d:- ref:0 ;
in:386 out:385 type:P dur:2 cpbdur:2 q:28.84 aq:20.17 tex:75137 mv:15267 misc:4724 imb:657 pmb:1829 smb:5674 d:s ref:0 ;
in:385 out:386 type:b dur:2 cpbdur:2 q:29.32 aq:23.08 tex:6216 mv:5561 misc:2239 imb:73 pmb:551 smb:7536 d:s ref:0 ;
in:388 out:387 type:P dur:2 cpbdur:2 q:28.92 aq:20.03 tex:71805 mv:10503 misc:4644 imb:454 pmb:1394 smb:6312 d:s ref:0 ;
in:387 out:388 type:b dur:2 cpbdur:2 q:29.26 aq:25.70 tex:6027 mv:4691 misc:1866 imb:48 pmb:460 smb:7652 d:s ref:0 ;
in:391 out:389 type:P dur:2 cpbdur:2 q:29.37 aq:20.04 tex:95186 mv:17088 misc:4462 imb:730 pmb:1883 smb:5547 d:s ref:0 ;
in:389 out:390 type:B dur:2 cpbdur:2 q:29.48 aq:25.44 tex:5774 mv:5288 misc:1994 imb:76 pmb:468 smb:7616 d:s ref:0 ;
in:390 out:391 type:b dur:2 cpbdur:2 q:29.66 aq:23.91 tex:5720 mv:5700 misc:2428 imb:60 pmb:678 smb:7422 d:- ref:0 ;
in:395 out:392 type:P dur:2 cpbdur:2 q:29.31 aq:20.25 tex:96750 mv:17259 misc:4351 imb:712 pmb:1802 smb:5646 d:s ref:0 ;
in:393 out:393 type:B dur:2 cpbdur:2 q:29.89 aq:26.94 tex:8494 mv:6977 misc:2449 imb:79 pmb:674 smb:7407 d:s ref:0 ;
in:392 out:394 type:b dur:2 cpbdur:2 q:29.89 aq:25.72 tex:4637 mv:4074 misc:1785 imb:43 pmb:424 smb:7693 d:s ref:0 ;
in:394 out:395 type:b dur:2 cpbdur:2 q:29.89 aq:25.72 tex:4312 mv:4179 misc:1853 imb:29 pmb:457 smb:7674 d:- ref:0 ;
in:399 out:396 type:P dur:2 cpbdur:2 q:30.46 aq:20.84 tex:73841 mv:15980 misc:3963 imb:701 pmb:1697 smb:5762 d:s ref:0 ;
in:397 out:397 type:B dur:2 cpbdur:2 q:30.54 aq:25.61 tex:8156 mv:7232 misc:2740 imb:68 pmb:764 smb:7328 d:s ref:0 ;
in:396 out:398 type:b dur:2 cpbdur:2 q:30.61 aq:27.46 tex:3538 mv:3959 misc:1823 imb:16 pmb:432 smb:7712 d:s ref:0 ;
in:398 out:399 type:b dur:2 cpbdur:2 q:30.61 aq:31.38 tex:3219 mv:3307 misc:1602 imb:5 pmb:367 smb:7788 d:- ref:0 ;
in:403 out:400 type:P dur:2 cpbdur:2 q:30.63 aq:21.96 tex:58182 mv:15477 misc:4357 imb:608 pmb:1879 smb:5673 d:s ref:0 ;
in:401 out:401 type:B dur:2 cpbdur:2 q:30.84 aq:23.12 tex:2938 mv:3451 misc:2339 imb:41 pmb:545 smb:7574 d:s ref:0 ;
in:400 out:402 type:b dur:2 cpbdur:2 q:30.91 aq:27.98 tex:1772 mv:6542 misc:2438 imb:17 pmb:779 smb:7364 d:s ref:0 ;
in:402 out:403 type:b dur:2 cpbdur:2 q:30.91 aq:22.66 tex:275 mv:290 misc:699 imb:3 pmb:61 smb:8096 d:- ref:0 ;
in:407 out:404 type:P dur:2 cpbdur:2 q:30.25 aq:22.21 tex:46871 mv:10009 misc:3440 imb:441 pmb:1309 smb:6410 d:s ref:0 ;
in:405 out:405 type:B dur:2 cpbdur:2 q:30.97 aq:23.12 tex:2027 mv:2675 misc:1514 imb:35 pmb:322 smb:7803 d:t ref:0 ;
in:404 out:406 type:b dur:2 cpbdur:2 q:31.07 aq:21.90 tex:381 mv:176 misc:619 imb:2 pmb:38 smb:8120 d:s ref:0 ;
in:406 out:407 type:b dur:2 cpbdur:2 q:31.07 aq:20.13 tex:434 mv:543 misc:791 imb:4 pmb:104 smb:8052 d:- ref:0 ;
in:411 out:408 type:P dur:2 cpbdur:2 q:28.00 aq:20.31 tex:39804 mv:10075 misc:3465 imb:630 pmb:1004 smb:6526 d:s ref:0 ;
in:409 out:409 type:B dur:2 cpbdur:2 q:30.40 aq:22.95 tex:2574 mv:2981 misc:1389 imb:63 pmb:263 smb:7834 d:t ref:0 ;
in:408 out:410 type:b dur:2 cpbdur:2 q:30.55 aq:18.38 tex:670 mv:846 misc:988 imb:10 pmb:112 smb:8038 d:s ref:0 ;
in:410 out:411 type:b dur:2 cpbdur:2 q:30.55 aq:21.73 tex:860 mv:862 misc:1022 imb:10 pmb:159 smb:7991 d:- ref:0 ;
in:415 out:412 type:P dur:2 cpbdur:2 q:27.21 aq:20.32 tex:109259 mv:20726 misc:4391 imb:898 pmb:2105 smb:5157 d:s ref:0 ;
in:413 out:413 type:B dur:2 cpbdur:2 q:28.35 aq:23.14 tex:4105 mv:3204 misc:1955 imb:52 pmb:474 smb:7634 d:s ref:0 ;
in:412 out:414 type:b dur:2 cpbdur:2 q:28.76 aq:21.00 tex:310 mv:439 misc:907 imb:0 pmb:128 smb:8032 d:s ref:0 ;
in:414 out:415 type:b dur:2 cpbdur:2 q:28.76 aq:20.86 tex:930 mv:1315 misc:1307 imb:12 pmb:269 smb:7879 d:- ref:0 ;
in:416 out:416 type:P dur:2 cpbdur:2 q:27.20 aq:19.36 tex:88001 mv:19256 misc:3991 imb:780 pmb:2114 smb:5266 d:s ref:0 ;
in:417 out:417 type:P dur:2 cpbdur:2 q:30.04 aq:22.14 tex:130658 mv:16343 misc:2871 imb:1036 pmb:1415 smb:5709 d:s ref:0 ;
in:418 out:418 type:P dur:2 cpbdur:2 q:30.51 aq:22.59 tex:121441 mv:17700 misc:2987 imb:999 pmb:1336 smb:5825 d:s ref:0 ;
in:420 out:419 type:P dur:2 cpbdur:2 q:32.68 aq:24.12 tex:188363 mv:20025 misc:2668 imb:1878 pmb:730 smb:5552 d:s ref:0 ;
in:419 out:420 type:b dur:2 cpbdur:2 q:32.81 aq:27.39 tex:5245 mv:7332 misc:2575 imb:54 pmb:813 smb:7293 d:s ref:0 ;
in:421 out:421 type:P dur:2 cpbdur:2 q:32.27 aq:23.61 tex:97168 mv:15770 misc:2942 imb:539 pmb:1684 smb:5937 d:s ref:0 ;
in:422 out:422 type:P dur:2 cpbdur:2 q:31.06 aq:22.84 tex:88128 mv:13486 misc:3002 imb:276 pmb:1705 smb:6179 d:s ref:0 ;
in:424 out:423 type:P dur:2 cpbdur:2 q:31.03 aq:22.29 tex:109423 mv:17614 misc:3019 imb:641 pmb:1959 smb:5560 d:s ref:0 ;
in:423 out:424 type:b dur:2 cpbdur:2 q:31.74 aq:25.54 tex:3568 mv:5430 misc:1978 imb:23 pmb:579 smb:7558 d:s ref:0 ;
in:428 out:425 type:P dur:2 cpbdur:2 q:31.37 aq:22.94 tex:95405 mv:16407 misc:3508 imb:519 pmb:1963 smb:5678 d:s ref:0 ;
in:426 out:426 type:B dur:2 cpbdur:2 q:31.70 aq:27.67 tex:5998 mv:7358 misc:2804 imb:72 pmb:723 smb:7365 d:s ref:0 ;
in:425 out:427 type:b dur:2 cpbdur:2 q:31.80 aq:27.04 tex:3286 mv:4248 misc:1818 imb:21 pmb:444 smb:7695 d:s ref:0 ;
in:427 out:428 type:b dur:2 cpbdur:2 q:31.80 aq:27.28 tex:1645 mv:2167 misc:1132 imb:4 pmb:218 smb:7938 d:- ref:0 ;
in:432 out:429 type:P dur:2 cpbdur:2 q:29.71 aq:21.73 tex:99182 mv:15711 misc:3923 imb:582 pmb:2198 smb:5380 d:s ref:0 ;
in:430 out:430 type:B dur:2 cpbdur:2 q:31.50 aq:26.94 tex:2647 mv:3721 misc:1992 imb:49 pmb:408 smb:7703 d:s ref:0 ;
in:429 out:431 type:b dur:2 cpbdur:2 q:31.60 aq:25.08 tex:726 mv:1284 misc:1262 imb:20 pmb:222 smb:7918 d:s ref:0 ;
in:431 out:432 type:b dur:2 cpbdur:2 q:31.60 aq:25.67 tex:716 mv:1601 misc:1107 imb:2 pmb:184 smb:7974 d:- ref:0 ;
in:436 out:433 type:P dur:2 cpbdur:2 q:28.74 aq:19.73 tex:96022 mv:16232 misc:3930 imb:632 pmb:2231 smb:5297 d:s ref:0 ;
in:434 out:434 type:B dur:2 cpbdur:2 q:29.88 aq:25.02 tex:5173 mv:4140 misc:1911 imb:24 pmb:389 smb:7747 d:s ref:0 ;
in:433 out:435 type:b dur:2 cpbdur:2 q:30.59 aq:22.37 tex:1505 mv:2145 misc:1238 imb:16 pmb:209 smb:7935 d:s ref:0 ;
in:435 out:436 type:b dur:2 cpbdur:2 q:30.00 aq:22.98 tex:1781 mv:2272 misc:1531 imb:15 pmb:287 smb:7858 d:- ref:0 ;
in:440 out:437 type:P dur:2 cpbdur:2 q:28.81 aq:20.70 tex:78407 mv:12329 misc:3768 imb:368 pmb:1966 smb:5826 d:s ref:0 ;
in:438 out:438 type:B dur:2 cpbdur:2 q:29.01 aq:24.13 tex:2868 mv:3103 misc:1821 imb:17 pmb:340 smb:7803 d:s ref:0 ;
in:437 out:439 type:b dur:2 cpbdur:2 q:29.03 aq:25.66 tex:1402 mv:1108 misc:1106 imb:3 pmb:175 smb:7982 d:s ref:0 ;
in:439 out:440 type:b dur:2 cpbdur:2 q:29.03 aq:21.93 tex:897 mv:980 misc:995 imb:8 pmb:120 smb:8032 d:- ref:0 ;
in:444 out:441 type:P dur:2 cpbdur:2 q:28.65 aq:21.21 tex:113456 mv:17122 misc:3758 imb:684 pmb:2271 smb:5205 d:s ref:0 ;
in:442 out:442 type:B dur:2 cpbdur:2 q:29.83 aq:25.00 tex:6963 mv:5865 misc:2308 imb:65 pmb:646 smb:7449 d:s ref:0 ;
in:441 out:443 type:b dur:2 cpbdur:2 q:30.18 aq:25.07 tex:1586 mv:523 misc:859 imb:4 pmb:129 smb:8027 d:s ref:0 ;
in:443 out:444 type:b dur:2 cpbdur:2 q:30.18 aq:28.19 tex:2783 mv:2957 misc:1212 imb:60 pmb:243 smb:7857 d:- ref:0 ;
in:448 out:445 type:P dur:2 cpbdur:2 q:27.81 aq:21.39 tex:368345 mv:28641 misc:3782 imb:1945 pmb:2593 smb:3622 d:s ref:0 ;
in:446 out:446 type:B dur:2 cpbdur:2 q:29.31 aq:23.95 tex:30966 mv:12950 misc:3812 imb:211 pmb:1271 smb:6678 d:s ref:0 ;
in:445 out:447 type:b dur:2 cpbdur:2 q:29.83 aq:27.09 tex:9473 mv:5429 misc:1978 imb:114 pmb:523 smb:7523 d:s ref:0 ;
in:447 out:448 type:b dur:2 cpbdur:2 q:29.74 aq:28.68 tex:10525 mv:8282 misc:2921 imb:160 pmb:751 smb:7249 d:- ref:0 ;
in:451 out:449 type:P dur:2 cpbdur:2 q:27.39 aq:24.18 tex:36664 mv:18109 misc:4531 imb:1462 pmb:1224 smb:5474 d:s ref:0 ;
in:449 out:450 type:B dur:2 cpbdur:2 q:28.03 aq:26.18 tex:14930 mv:14885 misc:4545 imb:580 pmb:1154 smb:6426 d:s ref:0 ;
in:450 out:451 type:b dur:2 cpbdur:2 q:28.45 aq:24.68 tex:9478 mv:10684 misc:4670 imb:215 pmb:1264 smb:6681 d:- ref:0 ;
in:452 out:452 type:I dur:2 cpbdur:2 q:24.33 aq:15.48 tex:1074152 mv:156915 misc:397 imb:8160 pmb:0 smb:0 d:s ref:;
in:456 out:453 type:P dur:2 cpbdur:2 q:29.01 aq:22.11 tex:183068 mv:26246 misc:4934 imb:1957 pmb:2265 smb:3938 d:s ref:0 ;
in:454 out:454 type:B dur:2 cpbdur:2 q:29.54 aq:24.49 tex:34759 mv:17651 misc:4534 imb:541 pmb:1316 smb:6303 d:s ref:0 ;
in:453 out:455 type:b dur:2 cpbdur:2 q:29.99 aq:25.75 tex:13282 mv:10634 misc:3756 imb:245 pmb:949 smb:6966 d:s ref:0 ;
in:455 out:456 type:b dur:2 cpbdur:2 q:29.96 aq:27.46 tex:16649 mv:14351 misc:4416 imb:330 pmb:1316 smb:6514 d:- ref:0 ;
in:458 out:457 type:P dur:2 cpbdur:2 q:28.97 aq:21.04 tex:173886 mv:26023 misc:5147 imb:1820 pmb:2544 smb:3796 d:s ref:0 ;
in:457 out:458 type:b dur:2 cpbdur:2 q:29.62 aq:25.19 tex:16227 mv:15851 misc:4594 imb:363 pmb:1416 smb:6381 d:s ref:0 ;
in:460 out:459 type:P dur:2 cpbdur:2 q:29.03 aq:21.48 tex:194283 mv:27369 misc:4636 imb:2114 pmb:2583 smb:3463 d:s ref:0 ;
in:459 out:460 type:b dur:2 cpbdur:2 q:29.72 aq:25.97 tex:14671 mv:13968 misc:4265 imb:366 pmb:1244 smb:6550 d:s ref:0 ;
in:461 out:461 type:P dur:2 cpbdur:2 q:29.14 aq:19.04 tex:173398 mv:26396 misc:5166 imb:1602 pmb:2960 smb:3598 d:s ref:0 ;
in:465 out:462 type:P dur:2 cpbdur:2 q:29.77 aq:19.92 tex:182338 mv:31654 misc:4536 imb:2699 pmb:2805 smb:2656 d:s ref:0 ;
in:463 out:463 type:B dur:2 cpbdur:2 q:30.06 aq:24.16 tex:25917 mv:15854 misc:5221 imb:345 pmb:1529 smb:6286 d:s ref:0 ;
in:462 out:464 type:b dur:2 cpbdur:2 q:30.37 aq:24.17 tex:10668 mv:11888 misc:4060 imb:273 pmb:1025 smb:6862 d:s ref:0 ;
in:464 out:465 type:b dur:2 cpbdur:2 q:30.35 aq:22.77 tex:10177 mv:10493 misc:3970 imb:187 pmb:990 smb:6983 d:- ref:0 ;
in:469 out:466 type:P dur:2 cpbdur:2 q:30.00 aq:19.81 tex:175814 mv:27994 misc:5464 imb:1960 pmb:2679 smb:3521 d:s ref:0 ;
in:467 out:467 type:B dur:2 cpbdur:2 q:30.48 aq:23.61 tex:15517 mv:12509 misc:4334 imb:179 pmb:1217 smb:6764 d:s ref:0 ;
in:466 out:468 type:b dur:2 cpbdur:2 q:30.65 aq:24.80 tex:8884 mv:8806 misc:3326 imb:91 pmb:875 smb:7194 d:s ref:0 ;
in:468 out:469 type:b dur:2 cpbdur:2 q:30.64 aq:25.11 tex:7752 mv:8415 misc:3329 imb:133 pmb:810 smb:7217 d:- ref:0 ;
in:473 out:470 type:P dur:2 cpbdur:2 q:29.81 aq:20.25 tex:165654 mv:25323 misc:5735 imb:1534 pmb:2821 smb:3805 d:s ref:0 ;
in:471 out:471 type:B dur:2 cpbdur:2 q:30.56 aq:23.01 tex:12266 mv:11024 misc:4158 imb:154 pmb:1132 smb:6874 d:s ref:0 ;
in:470 out:472 type:b dur:2 cpbdur:2 q:31.03 aq:24.24 tex:7738 mv:7833 misc:3477 imb:183 pmb:827 smb:7150 d:s ref:0 ;
in:472 out:473 type:b dur:2 cpbdur:2 q:31.03 aq:25.23 tex:3338 mv:4069 misc:2209 imb:28 pmb:439 smb:7693 d:- ref:0 ;
in:477 out:474 type:P dur:2 cpbdur:2 q:30.13 aq:20.87 tex:132417 mv:20502 misc:5585 imb:1097 pmb:2628 smb:4435 d:s ref:0 ;
in:475 out:475 type:B dur:2 cpbdur:2 q:30.68 aq:23.65 tex:6082 mv:5099 misc:3443 imb:45 pmb:858 smb:7257 d:t ref:0 ;
in:474 out:476 type:b dur:2 cpbdur:2 q:31.06 aq:22.40 tex:1246 mv:1275 misc:1463 imb:13 pmb:212 smb:7935 d:s ref:0 ;
in:476 out:477 type:b dur:2 cpbdur:2 q:31.06 aq:17.96 tex:610 mv:725 misc:1049 imb:8 pmb:143 smb:8009 d:- ref:0 ;
in:481 out:478 type:P dur:2 cpbdur:2 q:29.64 aq:20.11 tex:76205 mv:12913 misc:6010 imb:569 pmb:2045 smb:5546 d:s ref:0 ;
in:479 out:479 type:B dur:2 cpbdur:2 q:30.60 aq:21.42 tex:5722 mv:5167 misc:2391 imb:111 pmb:547 smb:7502 d:s ref:0 ;
in:478 out:480 type:b dur:2 cpbdur:2 q:31.05 aq:19.44 tex:607 mv:362 misc:879 imb:3 pmb:77 smb:8080 d:s ref:0 ;
in:480 out:481 type:b dur:2 cpbdur:2 q:31.05 aq:20.21 tex:1170 mv:1171 misc:1283 imb:18 pmb:213 smb:7929 d:- ref:0 ;
in:485 out:482 type:P dur:2 cpbdur:2 q:29.87 aq:20.16 tex:67143 mv:12387 misc:4462 imb:607 pmb:1595 smb:5958 d:s ref:0 ;
in:483 out:483 type:B dur:2 cpbdur:2 q:30.41 aq:22.76 tex:6502 mv:3671 misc:1923 imb:16 pmb:430 smb:7714 d:t ref:0 ;
in:482 out:484 type:b dur:2 cpbdur:2 q:30.43 aq:20.45 tex:1109 mv:1197 misc:1262 imb:6 pmb:224 smb:7930 d:s ref:0 ;
in:484 out:485 type:b dur:2 cpbdur:2 q:30.43 aq:19.74 tex:2790 mv:1746 misc:1208 imb:19 pmb:197 smb:7944 d:- ref:0 ;
in:489 out:486 type:P dur:2 cpbdur:2 q:28.87 aq:19.44 tex:118398 mv:17646 misc:5668 imb:764 pmb:2562 smb:4834 d:s ref:0 ;
in:487 out:487 type:B dur:2 cpbdur:2 q:30.10 aq:22.94 tex:10452 mv:6004 misc:2608 imb:65 pmb:674 smb:7421 d:t ref:0 ;
in:486 out:488 type:b dur:2 cpbdur:2 q:30.18 aq:23.64 tex:2558 mv:2001 misc:1361 imb:15 pmb:259 smb:7886 d:s ref:0 ;
in:488 out:489 type:b dur:2 cpbdur:2 q:30.18 aq:20.55 tex:2333 mv:2041 misc:1402 imb:21 pmb:262 smb:7877 d:- ref:0 ;
in:493 out:490 type:P dur:2 cpbdur:2 q:28.99 aq:19.27 tex:133474 mv:19834 misc:5932 imb:936 pmb:2440 smb:4784 d:s ref:0 ;
in:491 out:491 type:B dur:2 cpbdur:2 q:29.38 aq:21.45 tex:10613 mv:8217 misc:2858 imb:61 pmb:866 smb:7233 d:s ref:0 ;
in:490 out:492 type:b dur:2 cpbdur:2 q:29.86 aq:22.45 tex:4653 mv:3216 misc:1635 imb:1 pmb:391 smb:7768 d:s ref:0 ;
in:492 out:493 type:b dur:2 cpbdur:2 q:29.72 aq:25.41 tex:3512 mv:3065 misc:1543 imb:11 pmb:333 smb:7816 d:- ref:0 ;
in:497 out:494 type:P dur:2 cpbdur:2 q:29.00 aq:18.97 tex:103330 mv:15550 misc:4992 imb:744 pmb:2112 smb:5304 d:s ref:0 ;
in:495 out:495 type:B dur:2 cpbdur:2 q:29.66 aq:22.03 tex:9720 mv:6840 misc:2800 imb:69 pmb:744 smb:7347 d:s ref:0 ;
in:494 out:496 type:b dur:2 cpbdur:2 q:29.96 aq:24.20 tex:3315 mv:3338 misc:1619 imb:9 pmb:366 smb:7785 d:s ref:0 ;
in:496 out:497 type:b dur:2 cpbdur:2 q:29.96 aq:22.24 tex:1417 mv:1670 misc:1545 imb:9 pmb:294 smb:7857 d:- ref:0 ;
in:501 out:498 type:P dur:2 cpbdur:2 q:28.76 aq:18.91 tex:113503 mv:17873 misc:5224 imb:1008 pmb:2319 smb:4833 d:s ref:0 ;
in:499 out:499 type:B dur:2 cpbdur:2 q:29.47 aq:23.22 tex:6834 mv:6165 misc:2345 imb:112 pmb:583 smb:7465 d:s ref:0 ;
in:498 out:500 type:b dur:2 cpbdur:2 q:29.89 aq:22.85 tex:2552 mv:2874 misc:1582 imb:43 pmb:307 smb:7810 d:s ref:0 ;
in:500 out:501 type:b dur:2 cpbdur:2 q:29.89 aq:21.69 tex:2465 mv:2163 misc:1644 imb:41 pmb:367 smb:7752 d:- ref:0 ;
in:505 out:502 type:P dur:2 cpbdur:2 q:29.05 aq:19.48 tex:78096 mv:10876 misc:4436 imb:465 pmb:1856 smb:5839 d:s ref:0 ;
in:503 out:503 type:B dur:2 cpbdur:2 q:29.69 aq:27.73 tex:3713 mv:1703 misc:1512 imb:14 pmb:247 smb:7899 d:s ref:0 ;
in:502 out:504 type:b dur:2 cpbdur:2 q:29.74 aq:20.06 tex:1047 mv:883 misc:1174 imb:3 pmb:226 smb:7931 d:s ref:0 ;
in:504 out:505 type:b dur:2 cpbdur:2 q:29.74 aq:16.30 tex:379 mv:1006 misc:1031 imb:7 pmb:158 smb:7995 d:- ref:0 ;
in:509 out:506 type:P dur:2 cpbdur:2 q:28.30 aq:18.64 tex:92697 mv:13277 misc:4754 imb:721 pmb:2062 smb:5377 d:s ref:0 ;
in:507 out:507 type:B dur:2 cpbdur:2 q:29.48 aq:20.88 tex:6070 mv:4851 misc:2271 imb:90 pmb:510 smb:7560 d:s ref:0 ;
in:506 out:508 type:b dur:2 cpbdur:2 q:29.59 aq:20.17 tex:554 mv:675 misc:1019 imb:3 pmb:135 smb:8022 d:s ref:0 ;
in:508 out:509 type:b dur:2 cpbdur:2 q:29.59 aq:20.36 tex:607 mv:537 misc:904 imb:9 pmb:97 smb:8054 d:- ref:0 ;
in:513 out:510 type:P dur:2 cpbdur:2 q:28.30 aq:18.70 tex:100027 mv:14221 misc:5168 imb:742 pmb:2187 smb:5231 d:s ref:0 ;
in:511 out:511 type:B dur:2 cpbdur:2 q:28.68 aq:20.59 tex:8046 mv:6435 misc:2959 imb:107 pmb:752 smb:7301 d:s ref:0 ;
in:510 out:512 type:b dur:2 cpbdur:2 q:28.85 aq:19.13 tex:2632 mv:2753 misc:1575 imb:104 pmb:291 smb:7765 d:s ref:0 ;
in:512 out:513 type:b dur:2 cpbdur:2 q:28.85 aq:25.28 tex:2472 mv:1605 misc:1483 imb:2 pmb:275 smb:7883 d:- ref:0 ;
in:517 out:514 type:P dur:2 cpbdur:2 q:28.72 aq:18.92 tex:94028 mv:14739 misc:4761 imb:579 pmb:2040 smb:5541 d:s ref:0 ;
in:515 out:515 type:B dur:2 cpbdur:2 q:28.86 aq:24.28 tex:11808 mv:6637 misc:2811 imb:38 pmb:743 smb:7379 d:s ref:0 ;
in:514 out:516 type:b dur:2 cpbdur:2 q:28.88 aq:25.74 tex:4070 mv:2798 misc:1572 imb:10 pmb:286 smb:7864 d:s ref:0 ;
in:516 out:517 type:b dur:2 cpbdur:2 q:28.88 aq:26.37 tex:5545 mv:2972 misc:1715 imb:5 pmb:375 smb:7780 d:- ref:0 ;
in:521 out:518 type:P dur:2 cpbdur:2 q:28.51 aq:18.22 tex:109807 mv:15173 misc:4556 imb:747 pmb:1952 smb:5461 d:s ref:0 ;
in:519 out:519 type:B dur:2 cpbdur:2 q:29.15 aq:24.14 tex:9395 mv:6342 misc:2391 imb:61 pmb:645 smb:7454 d:s ref:0 ;
in:518 out:520 type:b dur:2 cpbdur:2 q:29.23 aq:25.38 tex:5123 mv:3227 misc:1642 imb:17 pmb:338 smb:7805 d:s ref:0 ;
in:520 out:521 type:b dur:2 cpbdur:2 q:29.23 aq:24.86 tex:5257 mv:3697 misc:1750 imb:24 pmb:423 smb:7713 d:- ref:0 ;
in:525 out:522 type:P dur:2 cpbdur:2 q:28.06 aq:18.67 tex:119284 mv:14657 misc:4947 imb:602 pmb:2181 smb:5377 d:s ref:0 ;
in:523 out:523 type:B dur:2 cpbdur:2 q:28.68 aq:26.10 tex:10261 mv:5347 misc:2336 imb:36 pmb:600 smb:7524 d:s ref:0 ;
in:522 out:524 type:b dur:2 cpbdur:2 q:28.82 aq:27.70 tex:4429 mv:2361 misc:1514 imb:6 pmb:334 smb:7820 d:s ref:0 ;
in:524 out:525 type:b dur:2 cpbdur:2 q:28.82 aq:23.01 tex:5207 mv:2100 misc:1277 imb:13 pmb:242 smb:7905 d:- ref:0 ;
in:529 out:526 type:P dur:2 cpbdur:2 q:28.27 aq:18.69 tex:118990 mv:16322 misc:4872 imb:871 pmb:2073 smb:5216 d:s ref:0 ;
in:527 out:527 type:B dur:2 cpbdur:2 q:28.59 aq:20.52 tex:12410 mv:6603 misc:2867 imb:59 pmb:716 smb:7385 d:s ref:0 ;
in:526 out:528 type:b dur:2 cpbdur:2 q:28.77 aq:20.36 tex:4808 mv:3071 misc:1569 imb:11 pmb:350 smb:7799 d:s ref:0 ;
in:528 out:529 type:b dur:2 cpbdur:2 q:28.77 aq:19.97 tex:6818 mv:3634 misc:1676 imb:14 pmb:369 smb:7777 d:- ref:0 ;
in:533 out:530 type:P dur:2 cpbdur:2 q:28.36 aq:18.80 tex:121952 mv:15307 misc:5165 imb:799 pmb:2077 smb:5284 d:s ref:0 ;
in:531 out:531 type:B dur:2 cpbdur:2 q:28.72 aq:21.77 tex:13045 mv:6339 misc:2856 imb:59 pmb:776 smb:7325 d:s ref:0 ;
in:530 out:532 type:b dur:2 cpbdur:2 q:29.30 aq:21.66 tex:6347 mv:4067 misc:1842 imb:48 pmb:441 smb:7671 d:s ref:0 ;
in:532 out:533 type:b dur:2 cpbdur:2 q:28.92 aq:23.33 tex:5599 mv:2717 misc:1412 imb:3 pmb:300 smb:7857 d:- ref:0 ;
in:537 out:534 type:P dur:2 cpbdur:2 q:28.91 aq:19.46 tex:92963 mv:13020 misc:4393 imb:570 pmb:1807 smb:5783 d:s ref:0 ;
in:535 out:535 type:B dur:2 cpbdur:2 q:29.39 aq:24.66 tex:8922 mv:5777 misc:2485 imb:37 pmb:621 smb:7502 d:s ref:0 ;
in:534 out:536 type:b dur:2 cpbdur:2 q:29.39 aq:26.82 tex:4789 mv:2501 misc:1358 imb:15 pmb:249 smb:7896 d:s ref:0 ;
in:536 out:537 type:b dur:2 cpbdur:2 q:29.39 aq:27.98 tex:3394 mv:2581 misc:1569 imb:5 pmb:314 smb:7841 d:- ref:0 ;
in:541 out:538 type:P dur:2 cpbdur:2 q:29.06 aq:18.96 tex:95759 mv:15859 misc:4454 imb:778 pmb:1920 smb:5462 d:s ref:0 ;
in:539 out:539 type:B dur:2 cpbdur:2 q:29.66 aq:23.56 tex:8269 mv:5926 misc:2717 imb:55 pmb:660 smb:7445 d:s ref:0 ;
in:538 out:540 type:b dur:2 cpbdur:2 q:29.70 aq:28.76 tex:2830 mv:2181 misc:1733 imb:23 pmb:311 smb:7826 d:s ref:0 ;
in:540 out:541 type:b dur:2 cpbdur:2 q:29.70 aq:23.32 tex:4684 mv:4057 misc:1995 imb:48 pmb:470 smb:7642 d:- ref:0 ;
in:545 out:542 type:P dur:2 cpbdur:2 q:28.14 aq:18.70 tex:106599 mv:15238 misc:4899 imb:753 pmb:1929 smb:5478 d:s ref:0 ;
in:543 out:543 type:B dur:2 cpbdur:2 q:29.51 aq:22.88 tex:9842 mv:5913 misc:2413 imb:62 pmb:609 smb:7489 d:s ref:0 ;
in:542 out:544 type:b dur:2 cpbdur:2 q:29.59 aq:29.68 tex:5011 mv:2939 misc:1722 imb:3 pmb:372 smb:7785 d:s ref:0 ;
in:544 out:545 type:b dur:2 cpbdur:2 q:29.59 aq:22.77 tex:4639 mv:2697 misc:1384 imb:9 pmb:258 smb:7893 d:- ref:0 ;
in:549 out:546 type:P dur:2 cpbdur:2 q:29.53 aq:20.07 tex:124701 mv:14809 misc:4122 imb:893 pmb:1520 smb:5747 d:s ref:0 ;
in:547 out:547 type:B dur:2 cpbdur:2 q:29.79 aq:22.90 tex:8085 mv:5247 misc:2356 imb:61 pmb:533 smb:7566 d:s ref:0 ;
in:546 out:548 type:b dur:2 cpbdur:2 q:30.01 aq:27.14 tex:3795 mv:2375 misc:1222 imb:5 pmb:240 smb:7915 d:s ref:0 ;
in:548 out:549 type:b dur:2 cpbdur:2 q:30.01 aq:18.11 tex:5270 mv:2486 misc:1284 imb:21 pmb:235 smb:7904 d:- ref:0 ;
in:553 out:550 type:P dur:2 cpbdur:2 q:28.91 aq:19.92 tex:145847 mv:16516 misc:5197 imb:1062 pmb:1707 smb:5391 d:s ref:0 ;
in:551 out:551 type:B dur:2 cpbdur:2 q:30.06 aq:21.33 tex:13187 mv:7239 misc:2830 imb:97 pmb:711 smb:7352 d:s ref:0 ;
in:550 out:552 type:b dur:2 cpbdur:2 q:30.24 aq:22.29 tex:6704 mv:3635 misc:1653 imb:46 pmb:364 smb:7750 d:s ref:0 ;
in:552 out:553 type:b dur:2 cpbdur:2 q:30.24 aq:21.58 tex:5504 mv:3217 misc:1511 imb:20 pmb:321 smb:7819 d:- ref:0 ;
in:557 out:554 type:P dur:2 cpbdur:2 q:29.95 aq:20.44 tex:127355 mv:16058 misc:4155 imb:1005 pmb:1552 smb:5603 d:s ref:0 ;
in:555 out:555 type:B dur:2 cpbdur:2 q:30.10 aq:24.02 tex:9668 mv:6890 misc:2674 imb:71 pmb:674 smb:7415 d:s ref:0 ;
in:554 out:556 type:b dur:2 cpbdur:2 q:30.10 aq:23.72 tex:4753 mv:2920 misc:1471 imb:13 pmb:262 smb:7885 d:s ref:0 ;
in:556 out:557 type:b dur:2 cpbdur:2 q:30.10 aq:24.86 tex:5115 mv:3696 misc:2053 imb:9 pmb:509 smb:7642 d:- ref:0 ;
in:561 out:558 type:P dur:2 cpbdur:2 q:29.85 aq:19.44 tex:90935 mv:17226 misc:4343 imb:1072 pmb:1631 smb:5457 d:s ref:0 ;
in:559 out:559 type:B dur:2 cpbdur:2 q:30.73 aq:25.62 tex:8967 mv:6557 misc:2652 imb:98 pmb:630 smb:7432 d:s ref:0 ;
in:558 out:560 type:b dur:2 cpbdur:2 q:30.73 aq:27.47 tex:4679 mv:3370 misc:1807 imb:36 pmb:329 smb:7795 d:s ref:0 ;
in:560 out:561 type:b dur:2 cpbdur:2 q:30.73 aq:24.26 tex:3917 mv:3973 misc:1966 imb:51 pmb:408 smb:7701 d:- ref:0 ;
in:565 out:562 type:P dur:2 cpbdur:2 q:28.75 aq:19.21 tex:114052 mv:15144 misc:4380 imb:833 pmb:2149 smb:5178 d:s ref:0 ;
in:563 out:563 type:B dur:2 cpbdur:2 q:30.53 aq:23.15 tex:3937 mv:3285 misc:1882 imb:52 pmb:367 smb:7741 d:s ref:0 ;
in:562 out:564 type:b dur:2 cpbdur:2 q:30.62 aq:25.85 tex:895 mv:1117 misc:1500 imb:5 pmb:255 smb:7900 d:s ref:0 ;
in:564 out:565 type:b dur:2 cpbdur:2 q:30.62 aq:21.97 tex:1092 mv:982 misc:1006 imb:16 pmb:126 smb:8018 d:- ref:0 ;
in:569 out:566 type:P dur:2 cpbdur:2 q:28.11 aq:18.47 tex:80427 mv:13069 misc:4880 imb:914 pmb:1740 smb:5506 d:s ref:0 ;
in:567 out:567 type:B dur:2 cpbdur:2 q:29.16 aq:20.13 tex:5007 mv:4741 misc:2212 imb:115 pmb:450 smb:7595 d:s ref:0 ;
in:566 out:568 type:b dur:2 cpbdur:2 q:29.49 aq:21.39 tex:1074 mv:1618 misc:1468 imb:16 pmb:280 smb:7864 d:s ref:0 ;
in:568 out:569 type:b dur:2 cpbdur:2 q:29.31 aq:24.98 tex:1477 mv:1637 misc:1318 imb:24 pmb:205 smb:7931 d:- ref:0 ;
in:573 out:570 type:P dur:2 cpbdur:2 q:27.57 aq:18.23 tex:103041 mv:15770 misc:4781 imb:1001 pmb:1914 smb:5245 d:s ref:0 ;
in:571 out:571 type:B dur:2 cpbdur:2 q:28.51 aq:19.28 tex:5317 mv:5292 misc:2543 imb:92 pmb:627 smb:7441 d:s ref:0 ;
in:570 out:572 type:b dur:2 cpbdur:2 q:28.80 aq:19.93 tex:3132 mv:2923 misc:1833 imb:59 pmb:486 smb:7615 d:s ref:0 ;
in:572 out:573 type:b dur:2 cpbdur:2 q:28.79 aq:18.22 tex:655 mv:897 misc:1320 imb:5 pmb:214 smb:7941 d:- ref:0 ;
in:577 out:574 type:P dur:2 cpbdur:2 q:27.37 aq:18.58 tex:178274 mv:18850 misc:4900 imb:1152 pmb:2220 smb:4788 d:s ref:0 ;
in:575 out:575 type:B dur:2 cpbdur:2 q:28.18 aq:21.81 tex:9513 mv:7126 misc:3105 imb:123 pmb:855 smb:7182 d:s ref:0 ;
in:574 out:576 type:b dur:2 cpbdur:2 q:28.41 aq:19.63 tex:1688 mv:1728 misc:1496 imb:49 pmb:214 smb:7897 d:s ref:0 ;
in:576 out:577 type:b dur:2 cpbdur:2 q:28.41 aq:22.41 tex:13732 mv:4870 misc:1918 imb:19 pmb:535 smb:7606 d:- ref:0 ;
in:581 out:578 type:P dur:2 cpbdur:2 q:27.62 aq:18.21 tex:204350 mv:21181 misc:4581 imb:1582 pmb:2092 smb:4486 d:s ref:0 ;
in:579 out:579 type:B dur:2 cpbdur:2 q:27.86 aq:21.99 tex:27553 mv:12207 misc:3640 imb:249 pmb:1063 smb:6848 d:s ref:0 ;
in:578 out:580 type:b dur:2 cpbdur:2 q:28.16 aq:20.11 tex:14532 mv:6800 misc:2300 imb:108 pmb:624 smb:7428 d:s ref:0 ;
in:580 out:581 type:b dur:2 cpbdur:2 q:28.03 aq:20.27 tex:9826 mv:7545 misc:2661 imb:136 pmb:813 smb:7211 d:- ref:0 ;
in:585 out:582 type:P dur:2 cpbdur:2 q:27.50 aq:18.36 tex:162368 mv:19866 misc:4542 imb:1131 pmb:2115 smb:4914 d:s ref:0 ;
in:583 out:583 type:B dur:2 cpbdur:2 q:27.80 aq:22.72 tex:16347 mv:9752 misc:3565 imb:115 pmb:998 smb:7047 d:s ref:0 ;
in:582 out:584 type:b dur:2 cpbdur:2 q:28.55 aq:26.63 tex:5654 mv:3611 misc:2159 imb:9 pmb:514 smb:7637 d:s ref:0 ;
in:584 out:585 type:b dur:2 cpbdur:2 q:27.96 aq:22.13 tex:5797 mv:4114 misc:1921 imb:52 pmb:395 smb:7713 d:- ref:0 ;
in:589 out:586 type:P dur:2 cpbdur:2 q:27.90 aq:18.86 tex:108731 mv:19285 misc:4568 imb:1087 pmb:2103 smb:4970 d:s ref:0 ;
in:587 out:587 type:B dur:2 cpbdur:2 q:28.63 aq:22.13 tex:13150 mv:10054 misc:3332 imb:178 pmb:977 smb:7005 d:s ref:0 ;
in:586 out:588 type:b dur:2 cpbdur:2 q:28.97 aq:26.60 tex:2401 mv:2714 misc:1965 imb:20 pmb:402 smb:7738 d:s ref:0 ;
in:588 out:589 type:b dur:2 cpbdur:2 q:28.83 aq:20.58 tex:2050 mv:2128 misc:1486 imb:33 pmb:236 smb:7891 d:- ref:0 ;
in:593 out:590 type:P dur:2 cpbdur:2 q:27.48 aq:17.92 tex:136710 mv:20710 misc:4756 imb:1248 pmb:2395 smb:4517 d:s ref:0 ;
in:591 out:591 type:B dur:2 cpbdur:2 q:28.46 aq:20.05 tex:8451 mv:8316 misc:3145 imb:174 pmb:789 smb:7197 d:s ref:0 ;
in:590 out:592 type:b dur:2 cpbdur:2 q:28.75 aq:21.08 tex:3432 mv:4022 misc:2154 imb:133 pmb:420 smb:7607 d:s ref:0 ;
in:592 out:593 type:b dur:2 cpbdur:2 q:28.75 aq:19.50 tex:1407 mv:2382 misc:1899 imb:22 pmb:352 smb:7786 d:- ref:0 ;
in:597 out:594 type:P dur:2 cpbdur:2 q:27.03 aq:17.98 tex:114540 mv:18915 misc:4329 imb:1058 pmb:2380 smb:4722 d:s ref:0 ;
in:595 out:595 type:B dur:2 cpbdur:2 q:27.63 aq:20.41 tex:6576 mv:7647 misc:2873 imb:158 pmb:821 smb:7181 d:s ref:0 ;
in:594 out:596 type:b dur:2 cpbdur:2 q:28.06 aq:20.94 tex:1923 mv:1904 misc:1597 imb:36 pmb:241 smb:7883 d:s ref:0 ;
in:596 out:597 type:b dur:2 cpbdur:2 q:27.78 aq:18.92 tex:986 mv:1706 misc:1732 imb:11 pmb:308 smb:7841 d:- ref:0 ;
in:601 out:598 type:P dur:2 cpbdur:2 q:26.71 aq:17.21 tex:109082 mv:19763 misc:4683 imb:1345 pmb:2204 smb:4611 d:s ref:0 ;
in:599 out:599 type:B dur:2 cpbdur:2 q:27.45 aq:19.71 tex:9646 mv:8284 misc:3182 imb:247 pmb:787 smb:7126 d:s ref:0 ;
in:598 out:600 type:b dur:2 cpbdur:2 q:27.72 aq:20.06 tex:4193 mv:4194 misc:2261 imb:99 pmb:520 smb:7541 d:s ref:0 ;
in:600 out:601 type:b dur:2 cpbdur:2 q:27.60 aq:18.81 tex:5493 mv:5628 misc:2351 imb:165 pmb:677 smb:7318 d:- ref:0 ;
in:605 out:602 type:P dur:2 cpbdur:2 q:27.00 aq:17.91 tex:126621 mv:18536 misc:3787 imb:1008 pmb:2362 smb:4790 d:s ref:0 ;
in:603 out:603 type:B dur:2 cpbdur:2 q:27.45 aq:20.39 tex:12363 mv:8458 misc:3179 imb:155 pmb:846 smb:7159 d:s ref:0 ;
in:602 out:604 type:b dur:2 cpbdur:2 q:27.50 aq:18.77 tex:2017 mv:980 misc:1771 imb:3 pmb:355 smb:7802 d:s ref:0 ;
in:604 out:605 type:b dur:2 cpbdur:2 q:27.50 aq:20.29 tex:3599 mv:1819 misc:1934 imb:44 pmb:324 smb:7792 d:- ref:0 ;
in:609 out:606 type:P dur:2 cpbdur:2 q:26.50 aq:17.82 tex:102266 mv:19317 misc:4553 imb:968 pmb:2313 smb:4879 d:s ref:0 ;
in:607 out:607 type:B dur:2 cpbdur:2 q:27.26 aq:20.01 tex:19050 mv:10403 misc:3883 imb:155 pmb:1130 smb:6875 d:s ref:0 ;
in:606 out:608 type:b dur:2 cpbdur:2 q:27.32 aq:20.22 tex:2565 mv:1536 misc:1851 imb:16 pmb:325 smb:7819 d:s ref:0 ;
in:608 out:609 type:b dur:2 cpbdur:2 q:27.32 aq:19.82 tex:4084 mv:3904 misc:2372 imb:59 pmb:486 smb:7615 d:- ref:0 ;
in:613 out:610 type:P dur:2 cpbdur:2 q:27.18 aq:18.41 tex:99864 mv:21707 misc:4909 imb:1369 pmb:2206 smb:4585 d:s ref:0 ;
in:611 out:611 type:B dur:2 cpbdur:2 q:27.40 aq:20.19 tex:21830 mv:12296 misc:4714 imb:206 pmb:1480 smb:6474 d:s ref:0 ;
in:610 out:612 type:b dur:2 cpbdur:2 q:27.47 aq:20.17 tex:6459 mv:5958 misc:2895 imb:111 pmb:767 smb:7282 d:s ref:0 ;
in:612 out:613 type:b dur:2 cpbdur:2 q:27.47 aq:21.11 tex:3760 mv:3044 misc:2412 imb:27 pmb:553 smb:7580 d:- ref:0 ;
in:617 out:614 type:P dur:2 cpbdur:2 q:27.96 aq:18.99 tex:120420 mv:22380 misc:4336 imb:1649 pmb:1824 smb:4687 d:s ref:0 ;
in:615 out:615 type:B dur:2 cpbdur:2 q:28.48 aq:22.24 tex:28717 mv:16151 misc:3796 imb:425 pmb:1336 smb:6399 d:s ref:0 ;
in:614 out:616 type:b dur:2 cpbdur:2 q:28.90 aq:25.49 tex:7671 mv:5136 misc:2241 imb:124 pmb:441 smb:7595 d:s ref:0 ;
in:616 out:617 type:b dur:2 cpbdur:2 q:28.90 aq:23.78 tex:6898 mv:4554 misc:2188 imb:113 pmb:518 smb:7529 d:- ref:0 ;
in:621 out:618 type:P dur:2 cpbdur:2 q:27.29 aq:19.81 tex:143327 mv:29483 misc:4814 imb:2050 pmb:2563 smb:3547 d:s ref:0 ;
in:619 out:619 type:B dur:2 cpbdur:2 q:28.40 aq:23.18 tex:18763 mv:16086 misc:5159 imb:432 pmb:1482 smb:6246 d:s ref:0 ;
in:618 out:620 type:b dur:2 cpbdur:2 q:28.82 aq:24.43 tex:9200 mv:8144 misc:3704 imb:179 pmb:913 smb:7068 d:s ref:0 ;
in:620 out:621 type:b dur:2 cpbdur:2 q:28.82 aq:22.73 tex:8817 mv:10371 misc:4052 imb:214 pmb:1105 smb:6841 d:- ref:0 ;
in:624 out:622 type:P dur:2 cpbdur:2 q:29.37 aq:22.20 tex:118616 mv:27476 misc:5684 imb:2028 pmb:2079 smb:4053 d:s ref:0 ;
in:622 out:623 type:B dur:2 cpbdur:2 q:29.78 aq:24.89 tex:23061 mv:15341 misc:4646 imb:359 pmb:1328 smb:6473 d:s ref:0 ;
in:623 out:624 type:b dur:2 cpbdur:2 q:30.21 aq:24.50 tex:11704 mv:14369 misc:4743 imb:324 pmb:1236 smb:6600 d:- ref:0 ;
in:626 out:625 type:P dur:2 cpbdur:2 q:29.43 aq:22.95 tex:104549 mv:30467 misc:5616 imb:2036 pmb:2391 smb:3733 d:s ref:0 ;
in:625 out:626 type:b dur:2 cpbdur:2 q:29.95 aq:24.53 tex:14915 mv:19128 misc:5437 imb:407 pmb:1619 smb:6134 d:s ref:0 ;
in:627 out:627 type:P dur:2 cpbdur:2 q:29.95 aq:22.37 tex:70102 mv:21934 misc:5700 imb:1153 pmb:2144 smb:4863 d:s ref:0 ;
in:629 out:628 type:P dur:2 cpbdur:2 q:29.91 aq:23.32 tex:108744 mv:32595 misc:4861 imb:2224 pmb:2564 smb:3372 d:s ref:0 ;
in:628 out:629 type:b dur:2 cpbdur:2 q:30.50 aq:26.16 tex:15023 mv:21548 misc:5421 imb:431 pmb:1709 smb:6020 d:s ref:0 ;
in:630 out:630 type:P dur:2 cpbdur:2 q:29.86 aq:24.05 tex:92274 mv:28970 misc:5732 imb:1792 pmb:2437 smb:3931 d:s ref:0 ;
in:631 out:631 type:P dur:2 cpbdur:2 q:30.08 aq:25.30 tex:90599 mv:29193 misc:5328 imb:1851 pmb:2474 smb:3835 d:s ref:0 ;
in:632 out:632 type:P dur:2 cpbdur:2 q:30.05 aq:25.18 tex:85944 mv:28214 misc:5050 imb:1724 pmb:2441 smb:3995 d:s ref:0 ;
in:633 out:633 type:P dur:2 cpbdur:2 q:29.95 aq:24.26 tex:112320 mv:31834 misc:5238 imb:2000 pmb:2576 smb:3584 d:s ref:0 ;
in:634 out:634 type:P dur:2 cpbdur:2 q:29.75 aq:24.00 tex:142180 mv:29597 misc:5367 imb:1926 pmb:2403 smb:3831 d:s ref:0 ;
in:635 out:635 type:P dur:2 cpbdur:2 q:29.63 aq:23.97 tex:144489 mv:28971 misc:5204 imb:2236 pmb:2230 smb:3694 d:s ref:0 ;
in:636 out:636 type:P dur:2 cpbdur:2 q:29.86 aq:24.70 tex:161612 mv:28920 misc:4836 imb:2325 pmb:2196 smb:3639 d:s ref:0 ;
in:637 out:637 type:P dur:2 cpbdur:2 q:33.07 aq:29.03 tex:151736 mv:23083 misc:3901 imb:2118 pmb:1317 smb:4725 d:s ref:0 ;
in:638 out:638 type:P dur:2 cpbdur:2 q:37.04 aq:32.57 tex:148282 mv:23502 misc:3112 imb:2714 pmb:654 smb:4792 d:s ref:0 ;
in:639 out:639 type:P dur:2 cpbdur:2 q:37.55 aq:32.82 tex:126832 mv:23216 misc:3320 imb:2947 pmb:628 smb:4585 d:s ref:0 ;
in:640 out:640 type:P dur:2 cpbdur:2 q:36.42 aq:31.07 tex:168954 mv:29268 misc:4098 imb:3761 pmb:820 smb:3579 d:s ref:0 ;
in:641 out:641 type:P dur:2 cpbdur:2 q:36.05 aq:30.82 tex:186657 mv:27079 misc:3960 imb:3487 pmb:659 smb:4014 d:s ref:0 ;
in:642 out:642 type:P dur:2 cpbdur:2 q:36.15 aq:31.96 tex:187134 mv:24791 misc:2699 imb:3320 pmb:504 smb:4336 d:s ref:0 ;
in:643 out:643 type:P dur:2 cpbdur:2 q:35.93 aq:30.41 tex:199598 mv:27584 misc:3258 imb:3563 pmb:563 smb:4034 d:s ref:0 ;
in:644 out:644 type:P dur:2 cpbdur:2 q:35.92 aq:30.27 tex:192503 mv:26375 misc:3370 imb:3459 pmb:574 smb:4127 d:s ref:0 ;
in:645 out:645 type:P dur:2 cpbdur:2 q:35.37 aq:29.36 tex:208933 mv:29015 misc:3596 imb:3789 pmb:741 smb:3630 d:s ref:0 ;
in:646 out:646 type:P dur:2 cpbdur:2 q:35.14 aq:28.51 tex:242903 mv:28350 misc:4003 imb:3516 pmb:784 smb:3860 d:s ref:0 ;
in:647 out:647 type:P dur:2 cpbdur:2 q:36.90 aq:31.90 tex:185890 mv:20907 misc:2459 imb:2917 pmb:524 smb:4719 d:s ref:0 ;
in:648 out:648 type:P dur:2 cpbdur:2 q:36.17 aq:30.13 tex:209253 mv:22850 misc:3561 imb:2897 pmb:743 smb:4520 d:s ref:0 ;
in:650 out:649 type:P dur:2 cpbdur:2 q:34.86 aq:27.56 tex:245919 mv:26887 misc:4274 imb:3695 pmb:750 smb:3715 d:s ref:0 ;
in:649 out:650 type:b dur:2 cpbdur:2 q:36.89 aq:31.72 tex:24180 mv:6681 misc:2987 imb:227 pmb:702 smb:7231 d:s ref:0 ;
in:651 out:651 type:P dur:2 cpbdur:2 q:37.54 aq:29.95 tex:165204 mv:19462 misc:3046 imb:2853 pmb:606 smb:4701 d:s ref:0 ;
in:652 out:652 type:P dur:2 cpbdur:2 q:37.69 aq:31.14 tex:166977 mv:18231 misc:2416 imb:2453 pmb:602 smb:5105 d:s ref:0 ;
in:653 out:653 type:P dur:2 cpbdur:2 q:34.38 aq:26.51 tex:161422 mv:19376 misc:4538 imb:1474 pmb:1681 smb:5005 d:s ref:0 ;
in:654 out:654 type:P dur:2 cpbdur:2 q:32.52 aq:24.13 tex:175893 mv:19774 misc:4629 imb:1544 pmb:1995 smb:4621 d:s ref:0 ;
in:655 out:655 type:P dur:2 cpbdur:2 q:32.38 aq:23.66 tex:119729 mv:15245 misc:5162 imb:1036 pmb:1820 smb:5304 d:s ref:0 ;
in:656 out:656 type:P dur:2 cpbdur:2 q:31.84 aq:22.46 tex:138792 mv:18651 misc:5685 imb:1350 pmb:2057 smb:4753 d:s ref:0 ;
in:658 out:657 type:P dur:2 cpbdur:2 q:32.33 aq:22.75 tex:206262 mv:16056 misc:4738 imb:1006 pmb:1741 smb:5413 d:s ref:0 ;
in:657 out:658 type:b dur:2 cpbdur:2 q:32.85 aq:25.36 tex:3847 mv:3695 misc:1954 imb:37 pmb:438 smb:7685 d:s ref:0 ;
in:659 out:659 type:P dur:2 cpbdur:2 q:31.80 aq:21.98 tex:167981 mv:17049 misc:4514 imb:1042 pmb:2116 smb:5002 d:s ref:0 ;
in:661 out:660 type:P dur:2 cpbdur:2 q:31.24 aq:20.58 tex:204889 mv:22579 misc:5068 imb:1674 pmb:2448 smb:4038 d:s ref:0 ;
in:660 out:661 type:b dur:2 cpbdur:2 q:32.11 aq:26.34 tex:4792 mv:4928 misc:2568 imb:86 pmb:549 smb:7525 d:s ref:0 ;
in:665 out:662 type:P dur:2 cpbdur:2 q:31.73 aq:20.98 tex:211584 mv:20553 misc:4503 imb:1244 pmb:2278 smb:4638 d:s ref:0 ;
in:663 out:663 type:B dur:2 cpbdur:2 q:32.38 aq:23.85 tex:7027 mv:7626 misc:3171 imb:117 pmb:760 smb:7283 d:s ref:0 ;
in:662 out:664 type:b dur:2 cpbdur:2 q:32.74 aq:25.01 tex:2886 mv:4439 misc:2131 imb:59 pmb:471 smb:7630 d:s ref:0 ;
in:664 out:665 type:b dur:2 cpbdur:2 q:32.66 aq:25.82 tex:2863 mv:3778 misc:1983 imb:28 pmb:432 smb:7700 d:- ref:0 ;
in:669 out:666 type:P dur:2 cpbdur:2 q:31.08 aq:20.31 tex:234546 mv:19273 misc:4741 imb:1304 pmb:2353 smb:4503 d:s ref:0 ;
in:667 out:667 type:B dur:2 cpbdur:2 q:32.02 aq:22.28 tex:2564 mv:4431 misc:3341 imb:34 pmb:876 smb:7250 d:s ref:0 ;
in:666 out:668 type:b dur:2 cpbdur:2 q:32.39 aq:26.38 tex:811 mv:4769 misc:2548 imb:16 pmb:773 smb:7371 d:s ref:0 ;
in:668 out:669 type:b dur:2 cpbdur:2 q:32.31 aq:23.49 tex:543 mv:303 misc:754 imb:8 pmb:58 smb:8094 d:- ref:0 ;
in:673 out:670 type:P dur:2 cpbdur:2 q:30.36 aq:20.42 tex:112439 mv:12178 misc:5263 imb:839 pmb:1765 smb:5556 d:s ref:0 ;
in:671 out:671 type:B dur:2 cpbdur:2 q:31.38 aq:20.97 tex:2366 mv:3525 misc:1941 imb:66 pmb:385 smb:7709 d:s ref:0 ;
in:670 out:672 type:b dur:2 cpbdur:2 q:31.69 aq:22.74 tex:1058 mv:830 misc:1120 imb:26 pmb:151 smb:7983 d:s ref:0 ;
in:672 out:673 type:b dur:2 cpbdur:2 q:31.65 aq:27.01 tex:252 mv:507 misc:769 imb:9 pmb:72 smb:8079 d:- ref:0 ;
in:677 out:674 type:P dur:2 cpbdur:2 q:29.60 aq:19.63 tex:136268 mv:13233 misc:5219 imb:880 pmb:1864 smb:5416 d:s ref:0 ;
in:675 out:675 type:B dur:2 cpbdur:2 q:30.64 aq:23.05 tex:3704 mv:2905 misc:1983 imb:51 pmb:391 smb:7718 d:s ref:0 ;
in:674 out:676 type:b dur:2 cpbdur:2 q:31.02 aq:25.38 tex:546 mv:618 misc:908 imb:14 pmb:74 smb:8072 d:s ref:0 ;
in:676 out:677 type:b dur:2 cpbdur:2 q:30.94 aq:24.95 tex:773 mv:773 misc:1078 imb:14 pmb:145 smb:8001 d:- ref:0 ;
in:681 out:678 type:P dur:2 cpbdur:2 q:29.37 aq:18.79 tex:122811 mv:14986 misc:4555 imb:1088 pmb:1627 smb:5445 d:s ref:0 ;
in:679 out:679 type:B dur:2 cpbdur:2 q:29.91 aq:23.67 tex:5481 mv:4750 misc:2281 imb:74 pmb:474 smb:7612 d:t ref:0 ;
in:678 out:680 type:b dur:2 cpbdur:2 q:30.25 aq:22.21 tex:1581 mv:1228 misc:1231 imb:13 pmb:182 smb:7965 d:s ref:0 ;
in:680 out:681 type:b dur:2 cpbdur:2 q:30.20 aq:23.25 tex:2227 mv:1787 misc:1642 imb:42 pmb:295 smb:7823 d:- ref:0 ;
in:685 out:682 type:P dur:2 cpbdur:2 q:29.65 aq:20.24 tex:99898 mv:11417 misc:3541 imb:665 pmb:1376 smb:6119 d:s ref:0 ;
in:683 out:683 type:B dur:2 cpbdur:2 q:29.74 aq:23.85 tex:4564 mv:5107 misc:2257 imb:72 pmb:477 smb:7611 d:t ref:0 ;
in:682 out:684 type:b dur:2 cpbdur:2 q:30.01 aq:24.95 tex:1276 mv:1039 misc:1325 imb:5 pmb:224 smb:7931 d:s ref:0 ;
in:684 out:685 type:b dur:2 cpbdur:2 q:30.01 aq:24.49 tex:1523 mv:897 misc:1076 imb:12 pmb:128 smb:8020 d:- ref:0 ;
in:689 out:686 type:P dur:2 cpbdur:2 q:29.36 aq:20.42 tex:103820 mv:11242 misc:3258 imb:737 pmb:1241 smb:6182 d:s ref:0 ;
in:687 out:687 type:B dur:2 cpbdur:2 q:29.93 aq:23.31 tex:5974 mv:5737 misc:2545 imb:126 pmb:568 smb:7466 d:t ref:0 ;
in:686 out:688 type:b dur:2 cpbdur:2 q:30.19 aq:26.84 tex:1420 mv:947 misc:1217 imb:9 pmb:168 smb:7983 d:s ref:0 ;
in:688 out:689 type:b dur:2 cpbdur:2 q:30.19 aq:24.91 tex:1440 mv:622 misc:1034 imb:13 pmb:105 smb:8042 d:- ref:0 ;
in:693 out:690 type:P dur:2 cpbdur:2 q:29.47 aq:19.86 tex:105418 mv:13891 misc:4195 imb:1134 pmb:1420 smb:5606 d:s ref:0 ;
in:691 out:691 type:B dur:2 cpbdur:2 q:29.84 aq:21.43 tex:6659 mv:6051 misc:3042 imb:108 pmb:703 smb:7349 d:s ref:0 ;
in:690 out:692 type:b dur:2 cpbdur:2 q:30.10 aq:21.92 tex:2533 mv:2211 misc:1728 imb:64 pmb:323 smb:7773 d:s ref:0 ;
in:692 out:693 type:b dur:2 cpbdur:2 q:30.11 aq:23.08 tex:583 mv:784 misc:1017 imb:9 pmb:146 smb:8005 d:- ref:0 ;
in:697 out:694 type:P dur:2 cpbdur:2 q:29.76 aq:19.84 tex:90922 mv:10410 misc:3268 imb:724 pmb:1266 smb:6170 d:s ref:0 ;
in:695 out:695 type:B dur:2 cpbdur:2 q:30.02 aq:21.85 tex:3786 mv:3040 misc:1910 imb:69 pmb:391 smb:7700 d:s ref:0 ;
in:694 out:696 type:b dur:2 cpbdur:2 q:30.28 aq:21.17 tex:555 mv:466 misc:907 imb:11 pmb:89 smb:8060 d:s ref:0 ;
in:696 out:697 type:b dur:2 cpbdur:2 q:30.28 aq:21.71 tex:652 mv:687 misc:1133 imb:15 pmb:141 smb:8004 d:- ref:0 ;
in:701 out:698 type:P dur:2 cpbdur:2 q:29.83 aq:20.39 tex:90995 mv:12435 misc:3586 imb:979 pmb:1272 smb:5909 d:s ref:0 ;
in:699 out:699 type:B dur:2 cpbdur:2 q:30.05 aq:23.35 tex:4242 mv:3426 misc:1988 imb:74 pmb:327 smb:7759 d:t ref:0 ;
in:698 out:700 type:b dur:2 cpbdur:2 q:30.27 aq:22.08 tex:1070 mv:1074 misc:1224 imb:22 pmb:161 smb:7977 d:s ref:0 ;
in:700 out:701 type:b dur:2 cpbdur:2 q:30.27 aq:22.74 tex:1612 mv:1605 misc:1631 imb:30 pmb:278 smb:7852 d:- ref:0 ;
in:702 out:702 type:I dur:2 cpbdur:2 q:27.24 aq:16.48 tex:1033746 mv:117466 misc:396 imb:8160 pmb:0 smb:0 d:s ref:;
in:706 out:703 type:P dur:2 cpbdur:2 q:29.83 aq:20.58 tex:78424 mv:11833 misc:3759 imb:857 pmb:1247 smb:6056 d:s ref:0 ;
in:704 out:704 type:B dur:2 cpbdur:2 q:30.10 aq:23.05 tex:5945 mv:3853 misc:2322 imb:73 pmb:481 smb:7606 d:t ref:0 ;
in:703 out:705 type:b dur:2 cpbdur:2 q:30.38 aq:24.88 tex:1830 mv:961 misc:1265 imb:31 pmb:155 smb:7974 d:s ref:0 ;
in:705 out:706 type:b dur:2 cpbdur:2 q:30.38 aq:24.71 tex:2737 mv:1612 misc:1747 imb:32 pmb:301 smb:7827 d:- ref:0 ;
in:710 out:707 type:P dur:2 cpbdur:2 q:29.25 aq:19.24 tex:90263 mv:13599 misc:4434 imb:956 pmb:1471 smb:5733 d:s ref:0 ;
in:708 out:708 type:B dur:2 cpbdur:2 q:30.12 aq:22.52 tex:6180 mv:3741 misc:2695 imb:30 pmb:559 smb:7571 d:t ref:0 ;
in:707 out:709 type:b dur:2 cpbdur:2 q:30.39 aq:24.19 tex:1342 mv:895 misc:1307 imb:9 pmb:195 smb:7956 d:s ref:0 ;
in:709 out:710 type:b dur:2 cpbdur:2 q:30.39 aq:22.04 tex:1353 mv:1053 misc:1386 imb:15 pmb:193 smb:7952 d:- ref:0 ;
in:714 out:711 type:P dur:2 cpbdur:2 q:29.17 aq:19.27 tex:75171 mv:11396 misc:4241 imb:709 pmb:1326 smb:6125 d:s ref:0 ;
in:712 out:712 type:B dur:2 cpbdur:2 q:29.50 aq:22.73 tex:7040 mv:4497 misc:2639 imb:59 pmb:562 smb:7539 d:t ref:0 ;
in:711 out:713 type:b dur:2 cpbdur:2 q:29.63 aq:22.07 tex:1201 mv:919 misc:1176 imb:10 pmb:138 smb:8012 d:s ref:0 ;
in:713 out:714 type:b dur:2 cpbdur:2 q:29.63 aq:24.10 tex:1477 mv:1140 misc:1279 imb:19 pmb:165 smb:7976 d:- ref:0 ;
in:718 out:715 type:P dur:2 cpbdur:2 q:29.24 aq:20.41 tex:124029 mv:16817 misc:4850 imb:1098 pmb:1920 smb:5142 d:s ref:0 ;
in:716 out:716 type:B dur:2 cpbdur:2 q:29.61 aq:24.78 tex:25270 mv:10344 misc:4530 imb:127 pmb:1367 smb:6666 d:s ref:0 ;
in:715 out:717 type:b dur:2 cpbdur:2 q:29.78 aq:24.63 tex:2509 mv:2244 misc:2871 imb:22 pmb:589 smb:7549 d:s ref:0 ;
in:717 out:718 type:b dur:2 cpbdur:2 q:29.78 aq:27.57 tex:5415 mv:4311 misc:2618 imb:61 pmb:581 smb:7518 d:- ref:0 ;
in:721 out:719 type:P dur:2 cpbdur:2 q:28.97 aq:19.83 tex:81975 mv:9900 misc:4725 imb:547 pmb:1505 smb:6108 d:s ref:0 ;
in:719 out:720 type:B dur:2 cpbdur:2 q:29.55 aq:24.00 tex:12547 mv:8269 misc:3312 imb:165 pmb:949 smb:7046 d:s ref:0 ;
in:720 out:721 type:b dur:2 cpbdur:2 q:29.78 aq:23.14 tex:4761 mv:3688 misc:2263 imb:84 pmb:469 smb:7607 d:- ref:0 ;
in:723 out:722 type:P dur:2 cpbdur:2 q:28.64 aq:20.23 tex:65380 mv:9682 misc:4418 imb:461 pmb:1315 smb:6384 d:s ref:0 ;
in:722 out:723 type:b dur:2 cpbdur:2 q:29.22 aq:27.51 tex:15815 mv:5000 misc:2881 imb:79 pmb:746 smb:7335 d:s ref:0 ;
in:725 out:724 type:P dur:2 cpbdur:2 q:28.84 aq:21.88 tex:110693 mv:13645 misc:4510 imb:777 pmb:1735 smb:5648 d:s ref:0 ;
in:724 out:725 type:b dur:2 cpbdur:2 q:29.10 aq:25.91 tex:14986 mv:5952 misc:3254 imb:115 pmb:810 smb:7235 d:s ref:0 ;
in:726 out:726 type:P dur:2 cpbdur:2 q:28.82 aq:21.20 tex:73705 mv:11734 misc:4433 imb:585 pmb:1467 smb:6108 d:s ref:0 ;
in:727 out:727 type:P dur:2 cpbdur:2 q:28.97 aq:21.77 tex:95175 mv:8857 misc:3488 imb:458 pmb:1451 smb:6251 d:s ref:0 ;
in:729 out:728 type:P dur:2 cpbdur:2 q:29.15 aq:21.64 tex:117509 mv:14549 misc:4542 imb:1009 pmb:1397 smb:5754 d:s ref:0 ;
in:728 out:729 type:b dur:2 cpbdur:2 q:29.53 aq:26.03 tex:21488 mv:6749 misc:3059 imb:89 pmb:880 smb:7191 d:s ref:0 ;
in:730 out:730 type:P dur:2 cpbdur:2 q:28.90 aq:20.94 tex:119535 mv:16423 misc:5666 imb:1121 pmb:1963 smb:5076 d:s ref:0 ;
in:731 out:731 type:P dur:2 cpbdur:2 q:28.99 aq:21.53 tex:76384 mv:14150 misc:5226 imb:928 pmb:1573 smb:5659 d:s ref:0 ;
in:732 out:732 type:P dur:2 cpbdur:2 q:28.85 aq:21.79 tex:68064 mv:7863 misc:3625 imb:480 pmb:1297 smb:6383 d:s ref:0 ;
in:733 out:733 type:P dur:2 cpbdur:2 q:28.86 aq:22.67 tex:58041 mv:9124 misc:4467 imb:505 pmb:1226 smb:6429 d:s ref:0 ;
in:734 out:734 type:P dur:2 cpbdur:2 q:29.04 aq:21.71 tex:91242 mv:13564 misc:4930 imb:875 pmb:1604 smb:5681 d:s ref:0 ;
in:735 out:735 type:P dur:2 cpbdur:2 q:29.43 aq:22.58 tex:132281 mv:14821 misc:4818 imb:1029 pmb:1389 smb:5742 d:s ref:0 ;
in:736 out:736 type:P dur:2 cpbdur:2 q:37.78 aq:31.38 tex:155276 mv:14647 misc:1965 imb:1897 pmb:414 smb:5849 d:s ref:0 ;
in:737 out:737 type:P dur:2 cpbdur:2 q:34.30 aq:27.82 tex:105450 mv:10840 misc:3382 imb:813 pmb:1194 smb:6153 d:s ref:0 ;
in:738 out:738 type:P dur:2 cpbdur:2 q:31.94 aq:25.37 tex:108572 mv:14418 misc:3850 imb:1098 pmb:1581 smb:5481 d:s ref:0 ;
in:739 out:739 type:P dur:2 cpbdur:2 q:30.88 aq:22.69 tex:112452 mv:13061 misc:4447 imb:780 pmb:1477 smb:5903 d:s ref:0 ;
in:740 out:740 type:P dur:2 cpbdur:2 q:30.42 aq:21.66 tex:103011 mv:16097 misc:4956 imb:1166 pmb:1556 smb:5438 d:s ref:0 ;
in:741 out:741 type:P dur:2 cpbdur:2 q:29.82 aq:20.52 tex:101599 mv:14709 misc:4772 imb:1064 pmb:1538 smb:5558 d:s ref:0 ;
in:742 out:742 type:P dur:2 cpbdur:2 q:30.09 aq:21.25 tex:107548 mv:10362 misc:2978 imb:633 pmb:1232 smb:6295 d:s ref:0 ;
in:743 out:743 type:P dur:2 cpbdur:2 q:30.29 aq:21.41 tex:86051 mv:11765 misc:4024 imb:674 pmb:1307 smb:6179 d:s ref:0 ;
in:744 out:744 type:P dur:2 cpbdur:2 q:30.48 aq:20.88 tex:90414 mv:12737 misc:4345 imb:856 pmb:1431 smb:5873 d:s ref:0 ;
in:745 out:745 type:P dur:2 cpbdur:2 q:30.45 aq:20.48 tex:82374 mv:10992 misc:4266 imb:753 pmb:1308 smb:6099 d:s ref:0 ;
in:746 out:746 type:P dur:2 cpbdur:2 q:30.39 aq:19.84 tex:76098 mv:12645 misc:4353 imb:902 pmb:1328 smb:5930 d:s ref:0 ;
in:749 out:747 type:P dur:2 cpbdur:2 q:30.86 aq:20.32 tex:103440 mv:14530 misc:3926 imb:1094 pmb:1398 smb:5668 d:s ref:0 ;
in:747 out:748 type:B dur:2 cpbdur:2 q:31.17 aq:21.95 tex:4945 mv:5399 misc:2592 imb:82 pmb:744 smb:7334 d:s ref:0 ;
in:748 out:749 type:b dur:2 cpbdur:2 q:31.41 aq:26.66 tex:4750 mv:4665 misc:2121 imb:46 pmb:558 smb:7556 d:- ref:0 ;
in:753 out:750 type:P dur:2 cpbdur:2 q:31.70 aq:20.42 tex:123204 mv:17785 misc:4715 imb:1333 pmb:1535 smb:5292 d:s ref:0 ;
in:751 out:751 type:B dur:2 cpbdur:2 q:31.97 aq:20.20 tex:6743 mv:8100 misc:3469 imb:252 pmb:817 smb:7091 d:s ref:0 ;
in:750 out:752 type:b dur:2 cpbdur:2 q:32.21 aq:23.81 tex:3901 mv:4400 misc:2483 imb:85 pmb:639 smb:7436 d:s ref:0 ;
in:752 out:753 type:b dur:2 cpbdur:2 q:32.21 aq:26.69 tex:2328 mv:3578 misc:1934 imb:61 pmb:446 smb:7653 d:- ref:0 ;
in:757 out:754 type:P dur:2 cpbdur:2 q:31.99 aq:21.11 tex:99154 mv:13175 misc:4319 imb:1085 pmb:1366 smb:5709 d:s ref:0 ;
in:755 out:755 type:B dur:2 cpbdur:2 q:32.15 aq:27.06 tex:3749 mv:5771 misc:2992 imb:73 pmb:720 smb:7367 d:s ref:0 ;
in:754 out:756 type:b dur:2 cpbdur:2 q:32.40 aq:25.99 tex:1724 mv:3510 misc:2126 imb:33 pmb:503 smb:7624 d:s ref:0 ;
in:756 out:757 type:b dur:2 cpbdur:2 q:32.40 aq:22.48 tex:511 mv:673 misc:1432 imb:5 pmb:215 smb:7940 d:- ref:0 ;
in:761 out:758 type:P dur:2 cpbdur:2 q:30.94 aq:20.03 tex:53353 mv:10856 misc:4231 imb:1054 pmb:1013 smb:6093 d:s ref:0 ;
in:759 out:759 type:B dur:2 cpbdur:2 q:32.15 aq:19.95 tex:1301 mv:1358 misc:1173 imb:37 pmb:153 smb:7970 d:t ref:0 ;
in:758 out:760 type:b dur:2 cpbdur:2 q:32.26 aq:20.70 tex:499 mv:403 misc:754 imb:11 pmb:64 smb:8085 d:s ref:0 ;
in:760 out:761 type:b dur:2 cpbdur:2 q:32.26 aq:21.05 tex:801 mv:494 misc:929 imb:14 pmb:112 smb:8034 d:- ref:0 ;
in:765 out:762 type:P dur:2 cpbdur:2 q:29.53 aq:19.00 tex:99233 mv:11288 misc:4575 imb:900 pmb:1498 smb:5762 d:s ref:0 ;
in:763 out:763 type:B dur:2 cpbdur:2 q:31.14 aq:22.33 tex:1361 mv:1645 misc:1210 imb:45 pmb:152 smb:7963 d:s ref:0 ;
in:762 out:764 type:b dur:2 cpbdur:2 q:31.31 aq:22.08 tex:284 mv:531 misc:953 imb:10 pmb:124 smb:8026 d:s ref:0 ;
in:764 out:765 type:b dur:2 cpbdur:2 q:31.31 aq:20.41 tex:639 mv:374 misc:779 imb:10 pmb:67 smb:8083 d:- ref:0 ;
in:769 out:766 type:P dur:2 cpbdur:2 q:29.27 aq:18.82 tex:72945 mv:10265 misc:4230 imb:747 pmb:1118 smb:6295 d:s ref:0 ;
in:767 out:767 type:B dur:2 cpbdur:2 q:29.85 aq:21.12 tex:3678 mv:3665 misc:1929 imb:68 pmb:357 smb:7735 d:s ref:0 ;
in:766 out:768 type:b dur:2 cpbdur:2 q:30.17 aq:22.19 tex:897 mv:699 misc:1100 imb:4 pmb:153 smb:8003 d:s ref:0 ;
in:768 out:769 type:b dur:2 cpbdur:2 q:30.17 aq:20.87 tex:943 mv:795 misc:1014 imb:18 pmb:114 smb:8028 d:- ref:0 ;
in:773 out:770 type:P dur:2 cpbdur:2 q:29.24 aq:19.51 tex:62610 mv:9945 misc:3677 imb:774 pmb:908 smb:6478 d:s ref:0 ;
in:771 out:771 type:B dur:2 cpbdur:2 q:29.64 aq:20.93 tex:4275 mv:4752 misc:2229 imb:67 pmb:489 smb:7604 d:s ref:0 ;
in:770 out:772 type:b dur:2 cpbdur:2 q:30.01 aq:21.85 tex:1951 mv:1063 misc:1378 imb:21 pmb:184 smb:7955 d:s ref:0 ;
in:772 out:773 type:b dur:2 cpbdur:2 q:30.00 aq:27.77 tex:1022 mv:736 misc:1018 imb:12 pmb:129 smb:8019 d:- ref:0 ;
in:777 out:774 type:P dur:2 cpbdur:2 q:29.11 aq:18.96 tex:54278 mv:10104 misc:3378 imb:808 pmb:803 smb:6549 d:s ref:0 ;
in:775 out:775 type:B dur:2 cpbdur:2 q:29.51 aq:21.56 tex:5692 mv:4580 misc:2184 imb:64 pmb:548 smb:7548 d:s ref:0 ;
in:774 out:776 type:b dur:2 cpbdur:2 q:29.68 aq:24.03 tex:1287 mv:801 misc:1112 imb:12 pmb:132 smb:8016 d:s ref:0 ;
in:776 out:777 type:b dur:2 cpbdur:2 q:29.68 aq:25.52 tex:1245 mv:1076 misc:1383 imb:9 pmb:241 smb:7910 d:- ref:0 ;
in:781 out:778 type:P dur:2 cpbdur:2 q:28.95 aq:18.94 tex:59322 mv:11831 misc:3567 imb:1075 pmb:880 smb:6205 d:s ref:0 ;
in:779 out:779 type:B dur:2 cpbdur:2 q:29.41 aq:20.35 tex:3731 mv:3941 misc:2120 imb:124 pmb:426 smb:7610 d:s ref:0 ;
in:778 out:780 type:b dur:2 cpbdur:2 q:29.67 aq:24.25 tex:1463 mv:1270 misc:1267 imb:56 pmb:182 smb:7922 d:s ref:0 ;
in:780 out:781 type:b dur:2 cpbdur:2 q:29.67 aq:21.41 tex:2035 mv:1786 misc:1635 imb:63 pmb:282 smb:7815 d:- ref:0 ;
in:785 out:782 type:P dur:2 cpbdur:2 q:28.52 aq:19.39 tex:44573 mv:10159 misc:3524 imb:901 pmb:854 smb:6405 d:s ref:0 ;
in:783 out:783 type:B dur:2 cpbdur:2 q:29.13 aq:20.35 tex:2750 mv:3147 misc:1767 imb:118 pmb:316 smb:7726 d:s ref:0 ;
in:782 out:784 type:b dur:2 cpbdur:2 q:29.49 aq:22.44 tex:851 mv:1016 misc:1277 imb:14 pmb:225 smb:7921 d:s ref:0 ;
in:784 out:785 type:b dur:2 cpbdur:2 q:29.49 aq:20.00 tex:925 mv:880 misc:1107 imb:25 pmb:131 smb:8004 d:- ref:0 ;
in:789 out:786 type:P dur:2 cpbdur:2 q:28.46 aq:18.77 tex:43397 mv:11133 misc:3878 imb:864 pmb:919 smb:6377 d:s ref:0 ;
in:787 out:787 type:B dur:2 cpbdur:2 q:28.88 aq:19.42 tex:5267 mv:4119 misc:2318 imb:105 pmb:475 smb:7580 d:s ref:0 ;
in:786 out:788 type:b dur:2 cpbdur:2 q:29.23 aq:19.88 tex:667 mv:758 misc:1167 imb:18 pmb:154 smb:7988 d:s ref:0 ;
in:788 out:789 type:b dur:2 cpbdur:2 q:29.23 aq:20.45 tex:1338 mv:1125 misc:1297 imb:32 pmb:188 smb:7940 d:- ref:0 ;
in:793 out:790 type:P dur:2 cpbdur:2 q:28.33 aq:18.56 tex:52599 mv:12908 misc:3981 imb:1018 pmb:977 smb:6165 d:s ref:0 ;
in:791 out:791 type:B dur:2 cpbdur:2 q:28.72 aq:19.61 tex:7641 mv:5875 misc:2876 imb:129 pmb:704 smb:7327 d:s ref:0 ;
in:790 out:792 type:b dur:2 cpbdur:2 q:28.72 aq:20.44 tex:2996 mv:2608 misc:2220 imb:64 pmb:465 smb:7631 d:s ref:0 ;
in:792 out:793 type:b dur:2 cpbdur:2 q:28.72 aq:21.80 tex:1162 mv:1249 misc:1397 imb:15 pmb:232 smb:7913 d:- ref:0 ;
in:797 out:794 type:P dur:2 cpbdur:2 q:28.32 aq:18.65 tex:56920 mv:12771 misc:3461 imb:1049 pmb:890 smb:6221 d:s ref:0 ;
in:795 out:795 type:B dur:2 cpbdur:2 q:28.68 aq:20.92 tex:8051 mv:6130 misc:3043 imb:120 pmb:796 smb:7244 d:t ref:0 ;
in:794 out:796 type:b dur:2 cpbdur:2 q:28.93 aq:21.17 tex:2289 mv:1550 misc:1537 imb:36 pmb:216 smb:7908 d:s ref:0 ;
in:796 out:797 type:b dur:2 cpbdur:2 q:28.93 aq:21.10 tex:1831 mv:1522 misc:1775 imb:14 pmb:307 smb:7839 d:- ref:0 ;
in:801 out:798 type:P dur:2 cpbdur:2 q:28.60 aq:18.67 tex:69036 mv:17521 misc:3339 imb:1789 pmb:1062 smb:5309 d:s ref:0 ;
in:799 out:799 type:B dur:2 cpbdur:2 q:28.89 aq:20.68 tex:9393 mv:7538 misc:3205 imb:164 pmb:884 smb:7112 d:s ref:0 ;
in:798 out:800 type:b dur:2 cpbdur:2 q:29.01 aq:22.18 tex:3018 mv:2286 misc:1976 imb:62 pmb:345 smb:7753 d:s ref:0 ;
in:800 out:801 type:b dur:2 cpbdur:2 q:29.01 aq:20.47 tex:5053 mv:3732 misc:2839 imb:99 pmb:726 smb:7335 d:- ref:0 ;
in:805 out:802 type:P dur:2 cpbdur:2 q:28.22 aq:18.39 tex:43960 mv:10838 misc:3442 imb:974 pmb:775 smb:6411 d:s ref:0 ;
in:803 out:803 type:B dur:2 cpbdur:2 q:28.91 aq:21.69 tex:5183 mv:4581 misc:2316 imb:158 pmb:437 smb:7565 d:s ref:0 ;
in:802 out:804 type:b dur:2 cpbdur:2 q:29.02 aq:22.09 tex:1201 mv:1097 misc:1534 imb:13 pmb:250 smb:7897 d:s ref:0 ;
in:804 out:805 type:b dur:2 cpbdur:2 q:29.02 aq:21.58 tex:1571 mv:1778 misc:1427 imb:59 pmb:214 smb:7887 d:- ref:0 ;
in:809 out:806 type:P dur:2 cpbdur:2 q:27.95 aq:17.80 tex:49470 mv:12713 misc:3265 imb:1096 pmb:831 smb:6233 d:s ref:0 ;
in:807 out:807 type:B dur:2 cpbdur:2 q:28.51 aq:19.53 tex:6331 mv:6393 misc:2668 imb:214 pmb:569 smb:7377 d:s ref:0 ;
in:806 out:808 type:b dur:2 cpbdur:2 q:28.77 aq:21.52 tex:919 mv:1184 misc:1449 imb:21 pmb:247 smb:7892 d:s ref:0 ;
in:808 out:809 type:b dur:2 cpbdur:2 q:28.77 aq:20.79 tex:1831 mv:2151 misc:1634 imb:62 pmb:271 smb:7827 d:- ref:0 ;
in:813 out:810 type:P dur:2 cpbdur:2 q:27.83 aq:18.37 tex:33218 mv:13009 misc:3565 imb:1119 pmb:803 smb:6238 d:s ref:0 ;
in:811 out:811 type:B dur:2 cpbdur:2 q:28.34 aq:19.38 tex:7314 mv:6695 misc:2967 imb:148 pmb:750 smb:7262 d:s ref:0 ;
in:810 out:812 type:b dur:2 cpbdur:2 q:28.67 aq:20.26 tex:3365 mv:2358 misc:2253 imb:54 pmb:533 smb:7573 d:s ref:0 ;
in:812 out:813 type:b dur:2 cpbdur:2 q:28.67 aq:20.76 tex:1356 mv:1278 misc:1390 imb:24 pmb:219 smb:7917 d:- ref:0 ;
in:817 out:814 type:P dur:2 cpbdur:2 q:27.73 aq:18.25 tex:45618 mv:13638 misc:3720 imb:1022 pmb:991 smb:6147 d:s ref:0 ;
in:815 out:815 type:B dur:2 cpbdur:2 q:28.14 aq:20.19 tex:8115 mv:6356 misc:3145 imb:123 pmb:815 smb:7222 d:s ref:0 ;
in:814 out:816 type:b dur:2 cpbdur:2 q:28.14 aq:20.42 tex:2694 mv:2407 misc:2019 imb:42 pmb:386 smb:7732 d:s ref:0 ;
in:816 out:817 type:b dur:2 cpbdur:2 q:28.14 aq:20.60 tex:2429 mv:1921 misc:1850 imb:30 pmb:339 smb:7791 d:- ref:0 ;
in:821 out:818 type:P dur:2 cpbdur:2 q:27.96 aq:18.22 tex:68580 mv:18789 misc:4767 imb:1334 pmb:1566 smb:5260 d:s ref:0 ;
in:819 out:819 type:B dur:2 cpbdur:2 q:28.15 aq:20.66 tex:9863 mv:8452 misc:3877 imb:173 pmb:1139 smb:6848 d:s ref:0 ;
in:818 out:820 type:b dur:2 cpbdur:2 q:28.16 aq:22.60 tex:3293 mv:2937 misc:2018 imb:55 pmb:424 smb:7681 d:s ref:0 ;
in:820 out:821 type:b dur:2 cpbdur:2 q:28.16 aq:24.62 tex:20362 mv:7004 misc:3786 imb:87 pmb:1161 smb:6912 d:- ref:0 ;
in:825 out:822 type:P dur:2 cpbdur:2 q:28.42 aq:19.85 tex:99362 mv:18887 misc:4351 imb:1542 pmb:1469 smb:5149 d:s ref:0 ;
in:823 out:823 type:B dur:2 cpbdur:2 q:28.44 aq:21.47 tex:16362 mv:10216 misc:3782 imb:234 pmb:1032 smb:6894 d:s ref:0 ;
in:822 out:824 type:b dur:2 cpbdur:2 q:28.44 aq:22.54 tex:4909 mv:5388 misc:2935 imb:60 pmb:670 smb:7430 d:s ref:0 ;
in:824 out:825 type:b dur:2 cpbdur:2 q:28.44 aq:23.90 tex:12248 mv:7069 misc:3411 imb:166 pmb:785 smb:7209 d:- ref:0 ;
in:826 out:826 type:P dur:2 cpbdur:2 q:27.49 aq:19.12 tex:51184 mv:14963 misc:5053 imb:952 pmb:1441 smb:5767 d:s ref:0 ;
in:828 out:827 type:P dur:2 cpbdur:2 q:27.18 aq:18.07 tex:70463 mv:14507 misc:5014 imb:971 pmb:1496 smb:5693 d:s ref:0 ;
in:827 out:828 type:b dur:2 cpbdur:2 q:27.81 aq:22.10 tex:16992 mv:7072 misc:3424 imb:138 pmb:974 smb:7048 d:s ref:0 ;
in:830 out:829 type:P dur:2 cpbdur:2 q:27.51 aq:19.47 tex:78818 mv:15925 misc:4737 imb:1290 pmb:1442 smb:5428 d:s ref:0 ;
in:829 out:830 type:b dur:2 cpbdur:2 q:27.53 aq:21.65 tex:9454 mv:7146 misc:3360 imb:165 pmb:817 smb:7178 d:s ref:0 ;
in:831 out:831 type:P dur:2 cpbdur:2 q:27.73 aq:19.16 tex:51384 mv:15524 misc:4852 imb:1008 pmb:1488 smb:5664 d:s ref:0 ;
in:832 out:832 type:P dur:2 cpbdur:2 q:27.69 aq:18.38 tex:34994 mv:6221 misc:3313 imb:364 pmb:723 smb:7073 d:s ref:0 ;
in:833 out:833 type:P dur:2 cpbdur:2 q:27.25 aq:19.39 tex:82745 mv:14059 misc:4724 imb:934 pmb:1387 smb:5839 d:s ref:0 ;
in:834 out:834 type:P dur:2 cpbdur:2 q:27.36 aq:20.10 tex:103902 mv:14926 misc:4700 imb:1072 pmb:1329 smb:5759 d:s ref:0 ;
in:835 out:835 type:P dur:2 cpbdur:2 q:27.17 aq:19.62 tex:105684 mv:16078 misc:4638 imb:1224 pmb:1387 smb:5549 d:s ref:0 ;
in:836 out:836 type:P dur:2 cpbdur:2 q:27.21 aq:19.34 tex:86286 mv:19346 misc:4816 imb:1312 pmb:1749 smb:5099 d:s ref:0 ;
in:837 out:837 type:P dur:2 cpbdur:2 q:27.27 aq:18.89 tex:52612 mv:7567 misc:3405 imb:475 pmb:923 smb:6762 d:s ref:0 ;
in:838 out:838 type:P dur:2 cpbdur:2 q:29.90 aq:21.87 tex:148126 mv:16339 misc:3703 imb:1448 pmb:962 smb:5750 d:s ref:0 ;
in:839 out:839 type:P dur:2 cpbdur:2 q:33.61 aq:25.50 tex:139912 mv:15434 misc:3030 imb:2115 pmb:553 smb:5492 d:s ref:0 ;
in:840 out:840 type:P dur:2 cpbdur:2 q:33.85 aq:25.59 tex:147140 mv:17746 misc:3466 imb:2269 pmb:657 smb:5234 d:s ref:0 ;
in:841 out:841 type:P dur:2 cpbdur:2 q:34.03 aq:24.86 tex:155282 mv:17874 misc:3348 imb:2562 pmb:592 smb:5006 d:s ref:0 ;
in:842 out:842 type:P dur:2 cpbdur:2 q:34.73 aq:25.36 tex:143135 mv:12920 misc:2025 imb:2067 pmb:404 smb:5689 d:s ref:0 ;
in:843 out:843 type:P dur:2 cpbdur:2 q:36.12 aq:27.15 tex:113496 mv:14014 misc:2666 imb:1886 pmb:472 smb:5802 d:s ref:0 ;
in:844 out:844 type:P dur:2 cpbdur:2 q:34.92 aq:26.29 tex:111962 mv:15505 misc:3565 imb:1617 pmb:781 smb:5762 d:s ref:0 ;
in:845 out:845 type:P dur:2 cpbdur:2 q:31.67 aq:23.03 tex:88640 mv:16433 misc:4463 imb:1640 pmb:1240 smb:5280 d:s ref:0 ;
in:846 out:846 type:P dur:2 cpbdur:2 q:30.01 aq:20.79 tex:114163 mv:18565 misc:4520 imb:1604 pmb:1465 smb:5091 d:s ref:0 ;
in:847 out:847 type:P dur:2 cpbdur:2 q:29.06 aq:20.40 tex:91055 mv:9290 misc:3263 imb:796 pmb:1047 smb:6317 d:s ref:0 ;
in:848 out:848 type:P dur:2 cpbdur:2 q:28.93 aq:19.91 tex:123427 mv:15930 misc:4187 imb:1286 pmb:1329 smb:5545 d:s ref:0 ;
in:849 out:849 type:P dur:2 cpbdur:2 q:28.37 aq:18.95 tex:111248 mv:16880 misc:4256 imb:1467 pmb:1357 smb:5336 d:s ref:0 ;
in:850 out:850 type:P dur:2 cpbdur:2 q:28.51 aq:19.54 tex:82588 mv:17228 misc:5200 imb:1412 pmb:1550 smb:5198 d:s ref:0 ;
in:851 out:851 type:P dur:2 cpbdur:2 q:28.65 aq:18.14 tex:88857 mv:16326 misc:4777 imb:1282 pmb:1460 smb:5418 d:s ref:0 ;
in:852 out:852 type:P dur:2 cpbdur:2 q:29.63 aq:17.44 tex:102588 mv:8479 misc:2829 imb:603 pmb:956 smb:6601 d:s ref:0 ;
in:854 out:853 type:P dur:2 cpbdur:2 q:29.43 aq:18.01 tex:113395 mv:15928 misc:4069 imb:1418 pmb:1259 smb:5483 d:s ref:0 ;
in:853 out:854 type:b dur:2 cpbdur:2 q:29.82 aq:21.01 tex:5624 mv:6487 misc:2657 imb:154 pmb:708 smb:7298 d:s ref:0 ;
in:855 out:855 type:P dur:2 cpbdur:2 q:29.99 aq:18.12 tex:108369 mv:13806 misc:4249 imb:992 pmb:1322 smb:5846 d:s ref:0 ;
in:858 out:856 type:P dur:2 cpbdur:2 q:30.29 aq:18.35 tex:78332 mv:16198 misc:4694 imb:1477 pmb:1252 smb:5431 d:s ref:0 ;
in:856 out:857 type:B dur:2 cpbdur:2 q:30.47 aq:20.36 tex:5500 mv:7748 misc:3584 imb:208 pmb:909 smb:7043 d:s ref:0 ;
in:857 out:858 type:b dur:2 cpbdur:2 q:30.52 aq:25.30 tex:3573 mv:4562 misc:2489 imb:91 pmb:595 smb:7474 d:- ref:0 ;
in:862 out:859 type:P dur:2 cpbdur:2 q:30.85 aq:19.73 tex:105042 mv:16385 misc:4485 imb:1477 pmb:1278 smb:5405 d:s ref:0 ;
in:860 out:860 type:B dur:2 cpbdur:2 q:31.19 aq:21.96 tex:4221 mv:6713 misc:3306 imb:213 pmb:777 smb:7170 d:s ref:0 ;
in:859 out:861 type:b dur:2 cpbdur:2 q:31.53 aq:22.65 tex:2001 mv:5222 misc:2281 imb:69 pmb:491 smb:7600 d:s ref:0 ;
in:861 out:862 type:b dur:2 cpbdur:2 q:31.53 aq:29.17 tex:2343 mv:1969 misc:1896 imb:39 pmb:323 smb:7798 d:- ref:0 ;
in:866 out:863 type:P dur:2 cpbdur:2 q:28.60 aq:17.46 tex:97090 mv:16323 misc:4691 imb:1784 pmb:1418 smb:4958 d:s ref:0 ;
in:864 out:864 type:B dur:2 cpbdur:2 q:31.19 aq:20.98 tex:1758 mv:2874 misc:1704 imb:122 pmb:254 smb:7784 d:s ref:0 ;
in:863 out:865 type:b dur:2 cpbdur:2 q:31.53 aq:21.68 tex:834 mv:908 misc:1050 imb:21 pmb:121 smb:8018 d:s ref:0 ;
in:865 out:866 type:b dur:2 cpbdur:2 q:31.53 aq:22.23 tex:1281 mv:1066 misc:1261 imb:29 pmb:171 smb:7960 d:- ref:0 ;
in:870 out:867 type:P dur:2 cpbdur:2 q:27.71 aq:17.25 tex:88214 mv:16124 misc:4990 imb:1433 pmb:1541 smb:5186 d:s ref:0 ;
in:868 out:868 type:B dur:2 cpbdur:2 q:28.82 aq:19.08 tex:3177 mv:4439 misc:2472 imb:110 pmb:501 smb:7549 d:s ref:0 ;
in:867 out:869 type:b dur:2 cpbdur:2 q:29.00 aq:20.60 tex:992 mv:1095 misc:1577 imb:11 pmb:269 smb:7880 d:s ref:0 ;
in:869 out:870 type:b dur:2 cpbdur:2 q:28.98 aq:20.52 tex:2150 mv:2096 misc:1746 imb:54 pmb:281 smb:7825 d:- ref:0 ;
in:874 out:871 type:P dur:2 cpbdur:2 q:27.72 aq:18.21 tex:36380 mv:11772 misc:3736 imb:1023 pmb:930 smb:6207 d:s ref:0 ;
in:872 out:872 type:B dur:2 cpbdur:2 q:28.10 aq:19.34 tex:5653 mv:5991 misc:2692 imb:143 pmb:674 smb:7343 d:s ref:0 ;
in:871 out:873 type:b dur:2 cpbdur:2 q:28.44 aq:21.56 tex:1578 mv:1613 misc:1745 imb:27 pmb:328 smb:7805 d:s ref:0 ;
in:873 out:874 type:b dur:2 cpbdur:2 q:28.44 aq:18.22 tex:2099 mv:2266 misc:1731 imb:52 pmb:312 smb:7796 d:- ref:0 ;
in:878 out:875 type:P dur:2 cpbdur:2 q:27.95 aq:17.83 tex:25727 mv:10824 misc:3505 imb:1027 pmb:718 smb:6415 d:s ref:0 ;
in:876 out:876 type:B dur:2 cpbdur:2 q:28.08 aq:19.39 tex:6128 mv:6404 misc:2964 imb:144 pmb:752 smb:7264 d:s ref:0 ;
in:875 out:877 type:b dur:2 cpbdur:2 q:28.08 aq:20.65 tex:3320 mv:2874 misc:2182 imb:58 pmb:490 smb:7612 d:s ref:0 ;
in:877 out:878 type:b dur:2 cpbdur:2 q:28.08 aq:20.06 tex:1540 mv:1698 misc:1714 imb:21 pmb:346 smb:7793 d:- ref:0 ;
in:882 out:879 type:P dur:2 cpbdur:2 q:28.07 aq:18.18 tex:36257 mv:14313 misc:3814 imb:1520 pmb:862 smb:5778 d:s ref:0 ;
in:880 out:880 type:B dur:2 cpbdur:2 q:28.32 aq:19.74 tex:6718 mv:6732 misc:3278 imb:185 pmb:943 smb:7032 d:s ref:0 ;
in:879 out:881 type:b dur:2 cpbdur:2 q:28.44 aq:19.37 tex:2681 mv:2933 misc:2194 imb:80 pmb:412 smb:7668 d:s ref:0 ;
in:881 out:882 type:b dur:2 cpbdur:2 q:28.44 aq:21.19 tex:1537 mv:1656 misc:1959 imb:24 pmb:377 smb:7759 d:- ref:0 ;
in:886 out:883 type:P dur:2 cpbdur:2 q:27.79 aq:17.32 tex:40198 mv:15325 misc:3605 imb:1447 pmb:865 smb:5848 d:s ref:0 ;
in:884 out:884 type:B dur:2 cpbdur:2 q:28.40 aq:19.11 tex:5434 mv:6210 misc:2724 imb:213 pmb:606 smb:7341 d:s ref:0 ;
in:883 out:885 type:b dur:2 cpbdur:2 q:28.59 aq:20.85 tex:3799 mv:3624 misc:2273 imb:86 pmb:485 smb:7589 d:s ref:0 ;
in:885 out:886 type:b dur:2 cpbdur:2 q:28.59 aq:21.04 tex:3756 mv:3033 misc:2363 imb:72 pmb:573 smb:7515 d:- ref:0 ;
in:890 out:887 type:P dur:2 cpbdur:2 q:27.42 aq:17.29 tex:38204 mv:13127 misc:4133 imb:1187 pmb:908 smb:6065 d:s ref:0 ;
in:888 out:888 type:B dur:2 cpbdur:2 q:28.13 aq:19.91 tex:4051 mv:5600 misc:2725 imb:134 pmb:582 smb:7444 d:s ref:0 ;
in:887 out:889 type:b dur:2 cpbdur:2 q:28.46 aq:21.51 tex:932 mv:1260 misc:1680 imb:26 pmb:303 smb:7831 d:s ref:0 ;
in:889 out:890 type:b dur:2 cpbdur:2 q:28.46 aq:20.35 tex:2077 mv:2326 misc:1869 imb:75 pmb:295 smb:7790 d:- ref:0 ;
in:894 out:891 type:P dur:2 cpbdur:2 q:27.24 aq:17.60 tex:32898 mv:12254 misc:3992 imb:1046 pmb:864 smb:6250 d:s ref:0 ;
in:892 out:892 type:B dur:2 cpbdur:2 q:27.78 aq:17.62 tex:5055 mv:6057 misc:2712 imb:153 pmb:618 smb:7389 d:s ref:0 ;
in:891 out:893 type:b dur:2 cpbdur:2 q:27.78 aq:20.30 tex:1400 mv:1726 misc:1738 imb:25 pmb:308 smb:7827 d:s ref:0 ;
in:893 out:894 type:b dur:2 cpbdur:2 q:27.78 aq:18.83 tex:2287 mv:2186 misc:1767 imb:37 pmb:349 smb:7774 d:- ref:0 ;
in:898 out:895 type:P dur:2 cpbdur:2 q:27.32 aq:17.07 tex:27477 mv:11453 misc:3870 imb:1028 pmb:796 smb:6336 d:s ref:0 ;
in:896 out:896 type:B dur:2 cpbdur:2 q:27.61 aq:18.27 tex:5746 mv:5908 misc:2722 imb:107 pmb:748 smb:7305 d:s ref:0 ;
in:895 out:897 type:b dur:2 cpbdur:2 q:27.61 aq:19.84 tex:4238 mv:3162 misc:2400 imb:57 pmb:573 smb:7530 d:s ref:0 ;
in:897 out:898 type:b dur:2 cpbdur:2 q:27.61 aq:19.01 tex:1040 mv:1489 misc:1471 imb:28 pmb:251 smb:7881 d:- ref:0 ;
in:902 out:899 type:P dur:2 cpbdur:2 q:27.43 aq:16.98 tex:29252 mv:11345 misc:3715 imb:914 pmb:818 smb:6428 d:s ref:0 ;
in:900 out:900 type:B dur:2 cpbdur:2 q:27.69 aq:19.28 tex:5428 mv:5022 misc:2614 imb:101 pmb:786 smb:7273 d:s ref:0 ;
in:899 out:901 type:b dur:2 cpbdur:2 q:27.81 aq:20.16 tex:2417 mv:2641 misc:1934 imb:56 pmb:372 smb:7732 d:s ref:0 ;
in:901 out:902 type:b dur:2 cpbdur:2 q:27.81 aq:19.44 tex:1013 mv:1275 misc:1488 imb:21 pmb:267 smb:7872 d:- ref:0 ;
in:906 out:903 type:P dur:2 cpbdur:2 q:27.36 aq:17.17 tex:33014 mv:12582 misc:3220 imb:1174 pmb:727 smb:6259 d:s ref:0 ;
in:904 out:904 type:B dur:2 cpbdur:2 q:27.67 aq:19.33 tex:5008 mv:5221 misc:2547 imb:137 pmb:564 smb:7459 d:s ref:0 ;
in:903 out:905 type:b dur:2 cpbdur:2 q:27.79 aq:19.84 tex:2692 mv:2652 misc:1968 imb:64 pmb:399 smb:7697 d:s ref:0 ;
in:905 out:906 type:b dur:2 cpbdur:2 q:27.79 aq:20.08 tex:3697 mv:3452 misc:2211 imb:80 pmb:592 smb:7488 d:- ref:0 ;
in:910 out:907 type:P dur:2 cpbdur:2 q:27.55 aq:17.21 tex:29346 mv:11775 misc:3719 imb:1123 pmb:777 smb:6260 d:s ref:0 ;
in:908 out:908 type:B dur:2 cpbdur:2 q:27.83 aq:19.20 tex:4140 mv:4549 misc:2391 imb:106 pmb:484 smb:7570 d:s ref:0 ;
in:907 out:909 type:b dur:2 cpbdur:2 q:27.99 aq:20.92 tex:1755 mv:1441 misc:1460 imb:20 pmb:289 smb:7851 d:s ref:0 ;
in:909 out:910 type:b dur:2 cpbdur:2 q:27.99 aq:19.13 tex:3126 mv:2488 misc:1842 imb:76 pmb:301 smb:7783 d:- ref:0 ;
in:914 out:911 type:P dur:2 cpbdur:2 q:27.18 aq:17.23 tex:29008 mv:10874 misc:3422 imb:913 pmb:754 smb:6493 d:s ref:0 ;
in:912 out:912 type:B dur:2 cpbdur:2 q:27.83 aq:18.46 tex:6364 mv:6124 misc:2464 imb:130 pmb:649 smb:7381 d:s ref:0 ;
in:911 out:913 type:b dur:2 cpbdur:2 q:28.03 aq:20.40 tex:971 mv:1503 misc:1430 imb:25 pmb:254 smb:7881 d:s ref:0 ;
in:913 out:914 type:b dur:2 cpbdur:2 q:28.03 aq:20.18 tex:2029 mv:2488 misc:1795 imb:54 pmb:352 smb:7754 d:- ref:0 ;
in:918 out:915 type:P dur:2 cpbdur:2 q:26.81 aq:16.44 tex:26273 mv:9789 misc:3922 imb:809 pmb:725 smb:6626 d:s ref:0 ;
in:916 out:916 type:B dur:2 cpbdur:2 q:27.49 aq:18.96 tex:5615 mv:5317 misc:2444 imb:95 pmb:668 smb:7397 d:s ref:0 ;
in:915 out:917 type:b dur:2 cpbdur:2 q:27.76 aq:20.26 tex:2637 mv:1964 misc:1887 imb:42 pmb:413 smb:7705 d:s ref:0 ;
in:917 out:918 type:b dur:2 cpbdur:2 q:27.76 aq:18.85 tex:763 mv:884 misc:1273 imb:16 pmb:205 smb:7939 d:- ref:0 ;
in:922 out:919 type:P dur:2 cpbdur:2 q:26.59 aq:16.31 tex:25748 mv:10814 misc:3718 imb:959 pmb:728 smb:6473 d:s ref:0 ;
in:920 out:920 type:B dur:2 cpbdur:2 q:27.08 aq:19.22 tex:5769 mv:5288 misc:2551 imb:105 pmb:746 smb:7309 d:s ref:0 ;
in:919 out:921 type:b dur:2 cpbdur:2 q:27.23 aq:17.96 tex:2038 mv:2749 misc:1837 imb:62 pmb:328 smb:7770 d:s ref:0 ;
in:921 out:922 type:b dur:2 cpbdur:2 q:27.23 aq:18.53 tex:1214 mv:1165 misc:1677 imb:23 pmb:293 smb:7844 d:- ref:0 ;
in:926 out:923 type:P dur:2 cpbdur:2 q:26.45 aq:15.57 tex:27880 mv:12078 misc:3722 imb:992 pmb:834 smb:6334 d:s ref:0 ;
in:924 out:924 type:B dur:2 cpbdur:2 q:26.98 aq:18.49 tex:4610 mv:5468 misc:2482 imb:123 pmb:619 smb:7418 d:s ref:0 ;
in:923 out:925 type:b dur:2 cpbdur:2 q:27.13 aq:19.34 tex:2845 mv:2871 misc:1868 imb:51 pmb:359 smb:7750 d:s ref:0 ;
in:925 out:926 type:b dur:2 cpbdur:2 q:27.13 aq:18.74 tex:3393 mv:3311 misc:2232 imb:74 pmb:532 smb:7554 d:- ref:0 ;
in:930 out:927 type:P dur:2 cpbdur:2 q:26.35 aq:15.74 tex:22617 mv:9479 misc:3504 imb:841 pmb:727 smb:6592 d:s ref:0 ;
in:928 out:928 type:B dur:2 cpbdur:2 q:26.74 aq:18.10 tex:5458 mv:4682 misc:2460 imb:119 pmb:545 smb:7496 d:s ref:0 ;
in:927 out:929 type:b dur:2 cpbdur:2 q:26.89 aq:18.15 tex:1133 mv:926 misc:1453 imb:20 pmb:239 smb:7901 d:s ref:0 ;
in:929 out:930 type:b dur:2 cpbdur:2 q:26.89 aq:17.98 tex:2170 mv:2178 misc:1732 imb:64 pmb:288 smb:7808 d:- ref:0 ;
in:934 out:931 type:P dur:2 cpbdur:2 q:26.08 aq:15.57 tex:24172 mv:10310 misc:3478 imb:872 pmb:707 smb:6581 d:s ref:0 ;
in:932 out:932 type:B dur:2 cpbdur:2 q:26.68 aq:19.15 tex:7001 mv:6133 misc:2482 imb:140 pmb:632 smb:7388 d:s ref:0 ;
in:931 out:933 type:b dur:2 cpbdur:2 q:26.85 aq:20.31 tex:1106 mv:921 misc:1365 imb:13 pmb:220 smb:7927 d:s ref:0 ;
in:933 out:934 type:b dur:2 cpbdur:2 q:26.85 aq:19.10 tex:2382 mv:1986 misc:1648 imb:50 pmb:301 smb:7809 d:- ref:0 ;
in:938 out:935 type:P dur:2 cpbdur:2 q:25.99 aq:16.43 tex:70031 mv:15871 misc:5074 imb:1468 pmb:1353 smb:5339 d:s ref:0 ;
in:936 out:936 type:B dur:2 cpbdur:2 q:26.47 aq:19.67 tex:25399 mv:13284 misc:4301 imb:363 pmb:1475 smb:6322 d:s ref:0 ;
in:935 out:937 type:b dur:2 cpbdur:2 q:26.73 aq:18.61 tex:6678 mv:7227 misc:3583 imb:268 pmb:891 smb:7001 d:s ref:0 ;
in:937 out:938 type:b dur:2 cpbdur:2 q:26.73 aq:21.44 tex:16545 mv:7639 misc:3192 imb:109 pmb:896 smb:7155 d:- ref:0 ;
in:940 out:939 type:P dur:2 cpbdur:2 q:26.23 aq:16.54 tex:80516 mv:17252 misc:5032 imb:1415 pmb:1467 smb:5278 d:s ref:0 ;
in:939 out:940 type:b dur:2 cpbdur:2 q:26.38 aq:20.98 tex:27816 mv:10450 misc:3862 imb:219 pmb:1219 smb:6722 d:s ref:0 ;
in:941 out:941 type:P dur:2 cpbdur:2 q:26.36 aq:16.30 tex:54794 mv:13978 misc:4972 imb:1014 pmb:1371 smb:5775 d:s ref:0 ;
in:942 out:942 type:P dur:2 cpbdur:2 q:26.48 aq:16.88 tex:79100 mv:8270 misc:3550 imb:544 pmb:989 smb:6627 d:s ref:0 ;
in:944 out:943 type:P dur:2 cpbdur:2 q:26.50 aq:16.51 tex:38814 mv:10754 misc:4336 imb:1004 pmb:849 smb:6307 d:s ref:0 ;
in:943 out:944 type:b dur:2 cpbdur:2 q:27.06 aq:19.38 tex:10001 mv:6657 misc:3302 imb:198 pmb:913 smb:7049 d:s ref:0 ;
in:945 out:945 type:P dur:2 cpbdur:2 q:25.87 aq:17.01 tex:84186 mv:12958 misc:4824 imb:1135 pmb:1282 smb:5743 d:s ref:0 ;
in:946 out:946 type:P dur:2 cpbdur:2 q:25.98 aq:16.66 tex:94088 mv:16690 misc:4942 imb:1327 pmb:1455 smb:5378 d:s ref:0 ;
in:947 out:947 type:P dur:2 cpbdur:2 q:26.00 aq:17.21 tex:58737 mv:8500 misc:3635 imb:806 pmb:906 smb:6448 d:s ref:0 ;
in:948 out:948 type:P dur:2 cpbdur:2 q:25.08 aq:15.66 tex:57061 mv:11765 misc:4702 imb:1063 pmb:1178 smb:5919 d:s ref:0 ;
in:949 out:949 type:P dur:2 cpbdur:2 q:25.09 aq:16.52 tex:103983 mv:14498 misc:4831 imb:1198 pmb:1467 smb:5495 d:s ref:0 ;
in:950 out:950 type:P dur:2 cpbdur:2 q:25.40 aq:17.02 tex:136674 mv:19062 misc:5608 imb:1418 pmb:1757 smb:4985 d:s ref:0 ;
in:951 out:951 type:P dur:2 cpbdur:2 q:25.84 aq:16.73 tex:131663 mv:18163 misc:5358 imb:1414 pmb:1620 smb:5126 d:s ref:0 ;
in:952 out:952 type:I dur:2 cpbdur:2 q:22.58 aq:12.79 tex:759121 mv:91322 misc:373 imb:8160 pmb:0 smb:0 d:s ref:;
in:953 out:953 type:P dur:2 cpbdur:2 q:37.94 aq:30.20 tex:104930 mv:11946 misc:2316 imb:1811 pmb:408 smb:5941 d:s ref:0 ;
in:954 out:954 type:P dur:2 cpbdur:2 q:38.82 aq:31.39 tex:84848 mv:12131 misc:2357 imb:1620 pmb:462 smb:6078 d:s ref:0 ;
in:955 out:955 type:P dur:2 cpbdur:2 q:35.01 aq:26.92 tex:114669 mv:13503 misc:3156 imb:1071 pmb:1068 smb:6021 d:s ref:0 ;
in:956 out:956 type:P dur:2 cpbdur:2 q:31.36 aq:22.40 tex:135326 mv:14474 misc:3864 imb:1149 pmb:1399 smb:5612 d:s ref:0 ;
in:957 out:957 type:P dur:2 cpbdur:2 q:30.61 aq:22.13 tex:113644 mv:8946 misc:3122 imb:577 pmb:1165 smb:6418 d:s ref:0 ;
in:958 out:958 type:P dur:2 cpbdur:2 q:30.75 aq:21.80 tex:119535 mv:11030 misc:3659 imb:765 pmb:1321 smb:6074 d:s ref:0 ;
in:959 out:959 type:P dur:2 cpbdur:2 q:30.85 aq:19.38 tex:104565 mv:11893 misc:3782 imb:991 pmb:1154 smb:6015 d:s ref:0 ;
in:961 out:960 type:P dur:2 cpbdur:2 q:33.62 aq:23.59 tex:161693 mv:12468 misc:3743 imb:1080 pmb:1053 smb:6027 d:s ref:0 ;
in:960 out:961 type:b dur:2 cpbdur:2 q:33.93 aq:25.95 tex:5891 mv:3804 misc:2145 imb:108 pmb:491 smb:7561 d:s ref:0 ;
in:962 out:962 type:P dur:2 cpbdur:2 q:32.29 aq:20.66 tex:96347 mv:7635 misc:3082 imb:480 pmb:1221 smb:6459 d:s ref:0 ;
in:964 out:963 type:P dur:2 cpbdur:2 q:31.15 aq:20.30 tex:79971 mv:9596 misc:4225 imb:745 pmb:1229 smb:6186 d:s ref:0 ;
in:963 out:964 type:b dur:2 cpbdur:2 q:32.50 aq:21.62 tex:1375 mv:2970 misc:1783 imb:87 pmb:401 smb:7672 d:s ref:0 ;
in:966 out:965 type:P dur:2 cpbdur:2 q:31.08 aq:19.89 tex:121193 mv:13653 misc:4418 imb:940 pmb:1562 smb:5658 d:s ref:0 ;
in:965 out:966 type:b dur:2 cpbdur:2 q:31.77 aq:20.37 tex:1495 mv:3209 misc:1984 imb:80 pmb:412 smb:7668 d:s ref:0 ;
in:970 out:967 type:P dur:2 cpbdur:2 q:30.97 aq:20.06 tex:123455 mv:14018 misc:4719 imb:1051 pmb:1633 smb:5476 d:s ref:0 ;
in:968 out:968 type:B dur:2 cpbdur:2 q:31.45 aq:18.15 tex:4137 mv:5320 misc:2823 imb:149 pmb:578 smb:7433 d:s ref:0 ;
in:967 out:969 type:b dur:2 cpbdur:2 q:31.74 aq:27.89 tex:2927 mv:4191 misc:2122 imb:99 pmb:491 smb:7570 d:s ref:0 ;
in:969 out:970 type:b dur:2 cpbdur:2 q:31.53 aq:21.30 tex:2091 mv:3297 misc:2076 imb:65 pmb:428 smb:7667 d:- ref:0 ;
in:971 out:971 type:P dur:2 cpbdur:2 q:31.19 aq:19.14 tex:85970 mv:11215 misc:4703 imb:887 pmb:1602 smb:5671 d:s ref:0 ;
in:975 out:972 type:P dur:2 cpbdur:2 q:31.29 aq:19.98 tex:83257 mv:10675 misc:4348 imb:827 pmb:1499 smb:5834 d:s ref:0 ;
in:973 out:973 type:B dur:2 cpbdur:2 q:31.50 aq:21.10 tex:1026 mv:1617 misc:2245 imb:19 pmb:584 smb:7557 d:s ref:0 ;
in:972 out:974 type:b dur:2 cpbdur:2 q:31.52 aq:21.11 tex:346 mv:926 misc:1760 imb:3 pmb:424 smb:7733 d:s ref:0 ;
in:974 out:975 type:b dur:2 cpbdur:2 q:31.51 aq:20.31 tex:691 mv:791 misc:974 imb:8 pmb:119 smb:8033 d:- ref:0 ;
in:979 out:976 type:P dur:2 cpbdur:2 q:30.83 aq:19.48 tex:39767 mv:7948 misc:4213 imb:806 pmb:952 smb:6402 d:s ref:0 ;
in:977 out:977 type:B dur:2 cpbdur:2 q:31.59 aq:20.16 tex:1717 mv:2094 misc:1501 imb:71 pmb:242 smb:7847 d:s ref:0 ;
in:976 out:978 type:b dur:2 cpbdur:2 q:31.63 aq:21.60 tex:502 mv:487 misc:947 imb:5 pmb:108 smb:8047 d:s ref:0 ;
in:978 out:979 type:b dur:2 cpbdur:2 q:31.61 aq:22.35 tex:633 mv:519 misc:824 imb:11 pmb:78 smb:8071 d:- ref:0 ;
in:983 out:980 type:P dur:2 cpbdur:2 q:28.31 aq:16.53 tex:136041 mv:14184 misc:5095 imb:1483 pmb:1797 smb:4880 d:s ref:0 ;
in:981 out:981 type:B dur:2 cpbdur:2 q:30.83 aq:21.27 tex:2064 mv:2715 misc:1861 imb:67 pmb:320 smb:7773 d:s ref:0 ;
in:980 out:982 type:b dur:2 cpbdur:2 q:30.83 aq:22.48 tex:1010 mv:882 misc:1284 imb:11 pmb:218 smb:7931 d:s ref:0 ;
in:982 out:983 type:b dur:2 cpbdur:2 q:30.83 aq:21.62 tex:564 mv:510 misc:910 imb:11 pmb:94 smb:8055 d:- ref:0 ;
in:987 out:984 type:P dur:2 cpbdur:2 q:26.98 aq:16.05 tex:101399 mv:13204 misc:5037 imb:1272 pmb:1566 smb:5322 d:s ref:0 ;
in:985 out:985 type:B dur:2 cpbdur:2 q:28.64 aq:19.60 tex:3139 mv:2831 misc:2142 imb:65 pmb:427 smb:7668 d:s ref:0 ;
in:984 out:986 type:b dur:2 cpbdur:2 q:28.95 aq:20.35 tex:1071 mv:817 misc:1296 imb:10 pmb:219 smb:7931 d:s ref:0 ;
in:986 out:987 type:b dur:2 cpbdur:2 q:28.95 aq:23.31 tex:768 mv:715 misc:1357 imb:7 pmb:199 smb:7954 d:- ref:0 ;
in:991 out:988 type:P dur:2 cpbdur:2 q:26.37 aq:16.22 tex:87883 mv:13366 misc:4167 imb:1253 pmb:1334 smb:5573 d:s ref:0 ;
in:989 out:989 type:B dur:2 cpbdur:2 q:27.21 aq:18.42 tex:4198 mv:4031 misc:2411 imb:103 pmb:539 smb:7518 d:s ref:0 ;
in:988 out:990 type:b dur:2 cpbdur:2 q:27.43 aq:19.56 tex:1622 mv:1055 misc:1443 imb:13 pmb:261 smb:7886 d:s ref:0 ;
in:990 out:991 type:b dur:2 cpbdur:2 q:27.43 aq:20.02 tex:3655 mv:2958 misc:2163 imb:74 pmb:460 smb:7626 d:- ref:0 ;
in:994 out:992 type:P dur:2 cpbdur:2 q:26.29 aq:15.94 tex:30883 mv:11156 misc:4113 imb:1109 pmb:913 smb:6138 d:s ref:0 ;
in:992 out:993 type:B dur:2 cpbdur:2 q:26.83 aq:17.23 tex:2750 mv:1862 misc:1732 imb:42 pmb:391 smb:7727 d:s ref:0 ;
in:993 out:994 type:b dur:2 cpbdur:2 q:27.16 aq:19.65 tex:3351 mv:3107 misc:2118 imb:54 pmb:621 smb:7485 d:- ref:0 ;
in:995 out:995 type:P dur:2 cpbdur:2 q:26.23 aq:14.27 tex:24565 mv:4664 misc:2939 imb:582 pmb:504 smb:7074 d:s ref:0 ;
in:998 out:996 type:P dur:2 cpbdur:2 q:26.40 aq:16.24 tex:47423 mv:15030 misc:3011 imb:1731 pmb:732 smb:5697 d:s ref:0 ;
in:996 out:997 type:B dur:2 cpbdur:2 q:26.88 aq:18.40 tex:10325 mv:9603 misc:3072 imb:353 pmb:946 smb:6861 d:s ref:0 ;
in:997 out:998 type:b dur:2 cpbdur:2 q:27.31 aq:19.21 tex:4688 mv:4666 misc:2046 imb:243 pmb:427 smb:7490 d:- ref:0 ;
in:1002 out:999 type:P dur:2 cpbdur:2 q:26.17 aq:16.64 tex:25168 mv:13307 misc:2925 imb:1550 pmb:671 smb:5939 d:s ref:0 ;
in:1000 out:1000 type:B dur:2 cpbdur:2 q:26.83 aq:19.04 tex:11521 mv:7692 misc:3163 imb:306 pmb:942 smb:6912 d:s ref:0 ;
in:999 out:1001 type:b dur:2 cpbdur:2 q:27.38 aq:19.55 tex:8398 mv:4213 misc:2253 imb:175 pmb:610 smb:7375 d:s ref:0 ;
in:1001 out:1002 type:b dur:2 cpbdur:2 q:27.27 aq:20.05 tex:2329 mv:1251 misc:1868 imb:5 pmb:479 smb:7676 d:- ref:0 ;
in:1003 out:1003 type:P dur:2 cpbdur:2 q:26.62 aq:17.96 tex:80065 mv:6838 misc:3737 imb:855 pmb:963 smb:6342 d:s ref:0 ;
in:1007 out:1004 type:P dur:2 cpbdur:2 q:26.68 aq:19.13 tex:224568 mv:34390 misc:4026 imb:3285 pmb:2049 smb:2826 d:s ref:0 ;
in:1005 out:1005 type:B dur:2 cpbdur:2 q:27.22 aq:22.82 tex:43214 mv:31868 misc:6046 imb:1060 pmb:2331 smb:4769 d:s ref:0 ;
in:1004 out:1006 type:b dur:2 cpbdur:2 q:27.71 aq:24.44 tex:13833 mv:15773 misc:4674 imb:619 pmb:1181 smb:6360 d:s ref:0 ;
in:1006 out:1007 type:b dur:2 cpbdur:2 q:27.66 aq:24.17 tex:16313 mv:20450 misc:5237 imb:628 pmb:1646 smb:5886 d:- ref:0 ;
in:1009 out:1008 type:P dur:2 cpbdur:2 q:26.63 aq:19.22 tex:198019 mv:33657 misc:4228 imb:3218 pmb:2214 smb:2728 d:s ref:0 ;
in:1008 out:1009 type:b dur:2 cpbdur:2 q:27.15 aq:21.93 tex:28257 mv:28956 misc:6027 imb:588 pmb:2307 smb:5265 d:s ref:0 ;
in:1010 out:1010 type:P dur:2 cpbdur:2 q:26.66 aq:19.90 tex:160761 mv:27795 misc:4876 imb:2241 pmb:2244 smb:3675 d:s ref:0 ;
in:1011 out:1011 type:P dur:2 cpbdur:2 q:26.64 aq:20.73 tex:158062 mv:32848 misc:4434 imb:2694 pmb:2410 smb:3056 d:s ref:0 ;
in:1012 out:1012 type:P dur:2 cpbdur:2 q:26.60 aq:19.97 tex:146195 mv:30871 misc:4726 imb:2229 pmb:2376 smb:3555 d:s ref:0 ;
in:1013 out:1013 type:P dur:2 cpbdur:2 q:26.67 aq:20.28 tex:158464 mv:31817 misc:4511 imb:2621 pmb:2417 smb:3122 d:s ref:0 ;
in:1015 out:1014 type:P dur:2 cpbdur:2 q:27.80 aq:20.10 tex:409706 mv:36224 misc:3254 imb:4683 pmb:1346 smb:2131 d:s ref:0 ;
in:1014 out:1015 type:b dur:2 cpbdur:2 q:28.76 aq:24.57 tex:107055 mv:36513 misc:5224 imb:1117 pmb:2764 smb:4279 d:s ref:0 ;
in:1016 out:1016 type:P dur:2 cpbdur:2 q:27.84 aq:20.39 tex:188264 mv:29968 misc:4128 imb:2213 pmb:2092 smb:3855 d:s ref:0 ;
in:1017 out:1017 type:P dur:2 cpbdur:2 q:28.02 aq:18.66 tex:147462 mv:26050 misc:4008 imb:2024 pmb:1895 smb:4241 d:s ref:0 ;
in:1018 out:1018 type:P dur:2 cpbdur:2 q:27.96 aq:17.74 tex:152803 mv:24180 misc:3513 imb:2014 pmb:1792 smb:4354 d:s ref:0 ;
in:1019 out:1019 type:P dur:2 cpbdur:2 q:28.25 aq:18.50 tex:152224 mv:22925 misc:3627 imb:1800 pmb:1724 smb:4636 d:s ref:0 ;
in:1020 out:1020 type:P dur:2 cpbdur:2 q:28.94 aq:16.32 tex:129781 mv:19407 misc:4060 imb:1554 pmb:1744 smb:4862 d:s ref:0 ;
in:1022 out:1021 type:P dur:2 cpbdur:2 q:29.04 aq:16.80 tex:170620 mv:21946 misc:3722 imb:1647 pmb:1770 smb:4743 d:s ref:0 ;
in:1021 out:1022 type:b dur:2 cpbdur:2 q:29.43 aq:22.40 tex:5732 mv:13595 misc:3657 imb:358 pmb:1091 smb:6711 d:s ref:0 ;
in:1026 out:1023 type:P dur:2 cpbdur:2 q:29.35 aq:16.79 tex:148169 mv:21278 misc:4097 imb:1913 pmb:1921 smb:4326 d:s ref:0 ;
in:1024 out:1024 type:B dur:2 cpbdur:2 q:29.67 aq:22.63 tex:2689 mv:8160 misc:3487 imb:182 pmb:972 smb:7006 d:s ref:0 ;
in:1023 out:1025 type:b dur:2 cpbdur:2 q:29.88 aq:24.80 tex:1533 mv:8211 misc:3008 imb:117 pmb:890 smb:7153 d:s ref:0 ;
in:1025 out:1026 type:b dur:2 cpbdur:2 q:29.88 aq:22.43 tex:580 mv:1891 misc:1961 imb:7 pmb:400 smb:7753 d:- ref:0 ;
in:1030 out:1027 type:P dur:2 cpbdur:2 q:29.24 aq:17.27 tex:25038 mv:2673 misc:3273 imb:149 pmb:649 smb:7362 d:s ref:0 ;
in:1028 out:1028 type:B dur:2 cpbdur:2 q:29.74 aq:22.71 tex:615 mv:506 misc:623 imb:6 pmb:55 smb:8099 d:s ref:0 ;
in:1027 out:1029 type:b dur:2 cpbdur:2 q:29.95 aq:14.41 tex:172 mv:213 misc:527 imb:2 pmb:27 smb:8131 d:s ref:0 ;
in:1029 out:1030 type:b dur:2 cpbdur:2 q:29.95 aq:18.54 tex:184 mv:192 misc:560 imb:2 pmb:32 smb:8126 d:- ref:0 ;
in:1034 out:1031 type:P dur:2 cpbdur:2 q:29.04 aq:16.34 tex:46193 mv:4620 misc:3019 imb:280 pmb:727 smb:7153 d:s ref:0 ;
in:1032 out:1032 type:B dur:2 cpbdur:2 q:29.54 aq:26.07 tex:898 mv:756 misc:850 imb:5 pmb:122 smb:8033 d:s ref:0 ;
in:1031 out:1033 type:b dur:2 cpbdur:2 q:29.83 aq:16.94 tex:136 mv:308 misc:596 imb:0 pmb:45 smb:8115 d:s ref:0 ;
in:1033 out:1034 type:b dur:2 cpbdur:2 q:29.83 aq:22.04 tex:3770 mv:2140 misc:834 imb:10 pmb:160 smb:7990 d:- ref:0 ;
in:1038 out:1035 type:P dur:2 cpbdur:2 q:28.83 aq:16.32 tex:46048 mv:5250 misc:3294 imb:361 pmb:752 smb:7047 d:s ref:0 ;
in:1036 out:1036 type:B dur:2 cpbdur:2 q:29.26 aq:24.54 tex:5159 mv:2183 misc:1162 imb:26 pmb:247 smb:7887 d:s ref:0 ;
in:1035 out:1037 type:b dur:2 cpbdur:2 q:29.31 aq:26.70 tex:2291 mv:1408 misc:853 imb:5 pmb:148 smb:8007 d:s ref:0 ;
in:1037 out:1038 type:b dur:2 cpbdur:2 q:29.31 aq:20.60 tex:1428 mv:1690 misc:914 imb:10 pmb:175 smb:7975 d:- ref:0 ;
in:1042 out:1039 type:P dur:2 cpbdur:2 q:28.63 aq:14.98 tex:44842 mv:5459 misc:3411 imb:383 pmb:919 smb:6858 d:s ref:0 ;
in:1040 out:1040 type:B dur:2 cpbdur:2 q:29.44 aq:20.34 tex:1569 mv:948 misc:1059 imb:36 pmb:147 smb:7977 d:s ref:0 ;
in:1039 out:1041 type:b dur:2 cpbdur:2 q:29.50 aq:25.69 tex:1387 mv:1180 misc:977 imb:18 pmb:153 smb:7989 d:s ref:0 ;
in:1041 out:1042 type:b dur:2 cpbdur:2 q:29.50 aq:20.41 tex:313 mv:357 misc:698 imb:9 pmb:57 smb:8094 d:- ref:0 ;
in:1046 out:1043 type:P dur:2 cpbdur:2 q:28.11 aq:15.24 tex:33289 mv:2814 misc:3513 imb:203 pmb:761 smb:7196 d:s ref:0 ;
in:1044 out:1044 type:B dur:2 cpbdur:2 q:28.93 aq:20.68 tex:1268 mv:733 misc:735 imb:5 pmb:80 smb:8075 d:s ref:0 ;
in:1043 out:1045 type:b dur:2 cpbdur:2 q:29.17 aq:24.04 tex:290 mv:429 misc:641 imb:1 pmb:60 smb:8099 d:s ref:0 ;
in:1045 out:1046 type:b dur:2 cpbdur:2 q:29.17 aq:23.80 tex:747 mv:574 misc:711 imb:4 pmb:78 smb:8078 d:- ref:0 ;
in:1050 out:1047 type:P dur:2 cpbdur:2 q:27.54 aq:15.45 tex:41293 mv:3244 misc:3607 imb:230 pmb:819 smb:7111 d:s ref:0 ;
in:1048 out:1048 type:B dur:2 cpbdur:2 q:28.39 aq:20.78 tex:781 mv:774 misc:837 imb:3 pmb:115 smb:8042 d:s ref:0 ;
in:1047 out:1049 type:b dur:2 cpbdur:2 q:28.62 aq:18.03 tex:576 mv:381 misc:571 imb:4 pmb:42 smb:8114 d:s ref:0 ;
in:1049 out:1050 type:b dur:2 cpbdur:2 q:28.62 aq:22.89 tex:269 mv:461 misc:702 imb:1 pmb:76 smb:8083 d:- ref:0 ;
in:1054 out:1051 type:P dur:2 cpbdur:2 q:26.87 aq:15.22 tex:47347 mv:3736 misc:3813 imb:210 pmb:898 smb:7052 d:s ref:0 ;
in:1052 out:1052 type:B dur:2 cpbdur:2 q:27.82 aq:18.54 tex:4300 mv:1312 misc:820 imb:11 pmb:135 smb:8014 d:s ref:0 ;
in:1051 out:1053 type:b dur:2 cpbdur:2 q:28.16 aq:16.95 tex:1778 mv:772 misc:658 imb:2 pmb:84 smb:8074 d:s ref:0 ;
in:1053 out:1054 type:b dur:2 cpbdur:2 q:28.16 aq:19.36 tex:2554 mv:1018 misc:700 imb:4 pmb:98 smb:8058 d:- ref:0 ;
in:1058 out:1055 type:P dur:2 cpbdur:2 q:26.66 aq:15.09 tex:44385 mv:3677 misc:3162 imb:232 pmb:681 smb:7247 d:s ref:0 ;
in:1056 out:1056 type:B dur:2 cpbdur:2 q:27.20 aq:19.52 tex:4530 mv:1940 misc:978 imb:20 pmb:192 smb:7948 d:s ref:0 ;
in:1055 out:1057 type:b dur:2 cpbdur:2 q:27.44 aq:19.55 tex:3983 mv:1281 misc:888 imb:14 pmb:148 smb:7998 d:s ref:0 ;
in:1057 out:1058 type:b dur:2 cpbdur:2 q:27.44 aq:17.49 tex:3448 mv:1470 misc:802 imb:14 pmb:138 smb:8008 d:- ref:0 ;
in:1060 out:1059 type:P dur:2 cpbdur:2 q:26.52 aq:13.19 tex:33096 mv:3450 misc:2814 imb:210 pmb:491 smb:7459 d:s ref:0 ;
in:1059 out:1060 type:b dur:2 cpbdur:2 q:26.94 aq:18.05 tex:3950 mv:1746 misc:888 imb:19 pmb:166 smb:7975 d:s ref:0 ;
in:1064 out:1061 type:P dur:2 cpbdur:2 q:26.39 aq:13.95 tex:44143 mv:3807 misc:2778 imb:243 pmb:527 smb:7390 d:s ref:0 ;
in:1062 out:1062 type:B dur:2 cpbdur:2 q:26.79 aq:18.64 tex:7118 mv:2156 misc:974 imb:28 pmb:198 smb:7934 d:s ref:0 ;
in:1061 out:1063 type:b dur:2 cpbdur:2 q:26.92 aq:17.85 tex:4194 mv:1783 misc:871 imb:14 pmb:177 smb:7969 d:s ref:0 ;
in:1063 out:1064 type:b dur:2 cpbdur:2 q:26.92 aq:17.81 tex:6810 mv:1688 misc:726 imb:17 pmb:140 smb:8003 d:- ref:0 ;
in:1068 out:1065 type:P dur:2 cpbdur:2 q:26.34 aq:12.84 tex:39579 mv:3228 misc:2017 imb:192 pmb:371 smb:7597 d:s ref:0 ;
in:1066 out:1066 type:B dur:2 cpbdur:2 q:26.69 aq:17.08 tex:7735 mv:1755 misc:934 imb:20 pmb:172 smb:7968 d:s ref:0 ;
in:1065 out:1067 type:b dur:2 cpbdur:2 q:26.83 aq:18.41 tex:6011 mv:1412 misc:753 imb:10 pmb:138 smb:8012 d:s ref:0 ;
in:1067 out:1068 type:b dur:2 cpbdur:2 q:26.83 aq:19.30 tex:6188 mv:1237 misc:743 imb:8 pmb:132 smb:8020 d:- ref:0 ;
in:1072 out:1069 type:P dur:2 cpbdur:2 q:26.59 aq:12.55 tex:35159 mv:4077 misc:2196 imb:271 pmb:458 smb:7431 d:s ref:0 ;
in:1070 out:1070 type:B dur:2 cpbdur:2 q:26.94 aq:17.76 tex:5625 mv:1386 misc:1085 imb:6 pmb:188 smb:7966 d:s ref:0 ;
in:1069 out:1071 type:b dur:2 cpbdur:2 q:27.11 aq:19.81 tex:5264 mv:1296 misc:920 imb:12 pmb:154 smb:7994 d:s ref:0 ;
in:1071 out:1072 type:b dur:2 cpbdur:2 q:27.11 aq:20.04 tex:2669 mv:839 misc:716 imb:6 pmb:103 smb:8051 d:- ref:0 ;
in:1076 out:1073 type:P dur:2 cpbdur:2 q:26.16 aq:12.45 tex:12422 mv:1961 misc:1985 imb:129 pmb:344 smb:7687 d:s ref:0 ;
in:1074 out:1074 type:B dur:2 cpbdur:2 q:26.82 aq:15.84 tex:1210 mv:702 misc:768 imb:6 pmb:87 smb:8067 d:s ref:0 ;
in:1073 out:1075 type:b dur:2 cpbdur:2 q:27.07 aq:18.76 tex:466 mv:561 misc:629 imb:1 pmb:74 smb:8085 d:s ref:0 ;
in:1075 out:1076 type:b dur:2 cpbdur:2 q:27.07 aq:19.16 tex:653 mv:400 misc:715 imb:4 pmb:66 smb:8090 d:- ref:0 ;
in:1080 out:1077 type:P dur:2 cpbdur:2 q:25.96 aq:11.87 tex:15424 mv:2081 misc:1871 imb:122 pmb:327 smb:7711 d:s ref:0 ;
in:1078 out:1078 type:B dur:2 cpbdur:2 q:26.45 aq:18.89 tex:1328 mv:903 misc:953 imb:10 pmb:168 smb:7982 d:s ref:0 ;
in:1077 out:1079 type:b dur:2 cpbdur:2 q:26.54 aq:17.31 tex:257 mv:321 misc:614 imb:1 pmb:52 smb:8107 d:s ref:0 ;
in:1079 out:1080 type:b dur:2 cpbdur:2 q:26.54 aq:20.01 tex:1277 mv:764 misc:775 imb:10 pmb:106 smb:8044 d:- ref:0 ;
in:1084 out:1081 type:P dur:2 cpbdur:2 q:25.58 aq:11.59 tex:36299 mv:3728 misc:1869 imb:215 pmb:355 smb:7590 d:s ref:0 ;
in:1082 out:1082 type:B dur:2 cpbdur:2 q:26.27 aq:20.40 tex:9958 mv:1908 misc:1006 imb:38 pmb:183 smb:7939 d:s ref:0 ;
in:1081 out:1083 type:b dur:2 cpbdur:2 q:26.40 aq:17.33 tex:9941 mv:2296 misc:779 imb:16 pmb:195 smb:7949 d:s ref:0 ;
in:1083 out:1084 type:b dur:2 cpbdur:2 q:26.40 aq:20.00 tex:4345 mv:1085 misc:778 imb:6 pmb:132 smb:8022 d:- ref:0 ;
in:1088 out:1085 type:P dur:2 cpbdur:2 q:25.80 aq:13.38 tex:41501 mv:5056 misc:1899 imb:356 pmb:393 smb:7411 d:s ref:0 ;
in:1086 out:1086 type:B dur:2 cpbdur:2 q:26.05 aq:19.74 tex:11090 mv:3455 misc:1399 imb:56 pmb:422 smb:7682 d:s ref:0 ;
in:1085 out:1087 type:b dur:2 cpbdur:2 q:26.18 aq:19.71 tex:4408 mv:2125 misc:987 imb:12 pmb:217 smb:7931 d:s ref:0 ;
in:1087 out:1088 type:b dur:2 cpbdur:2 q:26.18 aq:17.24 tex:4085 mv:2140 misc:1143 imb:28 pmb:273 smb:7859 d:- ref:0 ;
in:1090 out:1089 type:P dur:2 cpbdur:2 q:25.90 aq:12.77 tex:14397 mv:4013 misc:2230 imb:486 pmb:428 smb:7246 d:s ref:0 ;
in:1089 out:1090 type:b dur:2 cpbdur:2 q:26.14 aq:21.33 tex:1620 mv:1293 misc:1319 imb:33 pmb:364 smb:7763 d:s ref:0 ;
in:1091 out:1091 type:P dur:2 cpbdur:2 q:25.76 aq:12.09 tex:22699 mv:4768 misc:2093 imb:502 pmb:515 smb:7143 d:s ref:0 ;
in:1095 out:1092 type:P dur:2 cpbdur:2 q:25.73 aq:13.11 tex:26371 mv:5580 misc:1401 imb:977 pmb:201 smb:6982 d:s ref:0 ;
in:1093 out:1093 type:B dur:2 cpbdur:2 q:26.57 aq:20.31 tex:10792 mv:4656 misc:1320 imb:312 pmb:228 smb:7620 d:s ref:0 ;
in:1092 out:1094 type:b dur:2 cpbdur:2 q:27.03 aq:20.66 tex:3391 mv:4228 misc:1077 imb:245 pmb:286 smb:7629 d:s ref:0 ;
in:1094 out:1095 type:b dur:2 cpbdur:2 q:27.03 aq:22.37 tex:6894 mv:3859 misc:1247 imb:182 pmb:306 smb:7672 d:- ref:0 ;
in:1099 out:1096 type:P dur:2 cpbdur:2 q:25.98 aq:19.05 tex:93018 mv:17083 misc:4667 imb:1521 pmb:1499 smb:5140 d:s ref:0 ;
in:1097 out:1097 type:B dur:2 cpbdur:2 q:26.70 aq:23.49 tex:10379 mv:11489 misc:3948 imb:535 pmb:1031 smb:6594 d:s ref:0 ;
in:1096 out:1098 type:b dur:2 cpbdur:2 q:27.14 aq:21.55 tex:2922 mv:2654 misc:2296 imb:96 pmb:520 smb:7544 d:s ref:0 ;
in:1098 out:1099 type:b dur:2 cpbdur:2 q:27.14 aq:23.52 tex:6101 mv:7646 misc:3509 imb:114 pmb:944 smb:7102 d:- ref:0 ;
in:1101 out:1100 type:P dur:2 cpbdur:2 q:27.83 aq:19.85 tex:128028 mv:21106 misc:3762 imb:2293 pmb:1531 smb:4336 d:s ref:0 ;
in:1100 out:1101 type:b dur:2 cpbdur:2 q:28.15 aq:25.44 tex:16848 mv:15186 misc:4262 imb:552 pmb:1204 smb:6404 d:s ref:0 ;
in:1102 out:1102 type:P dur:2 cpbdur:2 q:28.80 aq:21.58 tex:81194 mv:19090 misc:4212 imb:2131 pmb:1474 smb:4555 d:s ref:0 ;
in:1103 out:1103 type:P dur:2 cpbdur:2 q:28.68 aq:22.10 tex:87001 mv:19782 misc:4105 imb:2085 pmb:1479 smb:4596 d:s ref:0 ;
in:1104 out:1104 type:P dur:2 cpbdur:2 q:28.23 aq:22.09 tex:105834 mv:22315 misc:4155 imb:1955 pmb:1657 smb:4548 d:s ref:0 ;
in:1105 out:1105 type:P dur:2 cpbdur:2 q:28.41 aq:22.03 tex:101511 mv:23359 misc:4058 imb:2317 pmb:1716 smb:4127 d:s ref:0 ;
in:1106 out:1106 type:P dur:2 cpbdur:2 q:28.82 aq:23.89 tex:143048 mv:24671 misc:3985 imb:2029 pmb:1748 smb:4383 d:s ref:0 ;
in:1107 out:1107 type:P dur:2 cpbdur:2 q:28.92 aq:22.51 tex:213133 mv:28342 misc:3885 imb:3229 pmb:1437 smb:3494 d:s ref:0 ;
in:1108 out:1108 type:P dur:2 cpbdur:2 q:30.42 aq:24.20 tex:185523 mv:28343 misc:4318 imb:3200 pmb:1285 smb:3675 d:s ref:0 ;
in:1109 out:1109 type:P dur:2 cpbdur:2 q:31.89 aq:25.53 tex:237102 mv:28917 misc:4037 imb:3783 pmb:1027 smb:3350 d:s ref:0 ;
in:1110 out:1110 type:P dur:2 cpbdur:2 q:32.25 aq:26.02 tex:262985 mv:29582 misc:4153 imb:4110 pmb:901 smb:3149 d:s ref:0 ;
in:1111 out:1111 type:P dur:2 cpbdur:2 q:33.56 aq:26.48 tex:208929 mv:26240 misc:3919 imb:3928 pmb:698 smb:3534 d:s ref:0 ;
in:1112 out:1112 type:P dur:2 cpbdur:2 q:33.23 aq:25.60 tex:185316 mv:26973 misc:3727 imb:3887 pmb:821 smb:3452 d:s ref:0 ;
in:1113 out:1113 type:P dur:2 cpbdur:2 q:32.67 aq:25.27 tex:166201 mv:26952 misc:4047 imb:3969 pmb:968 smb:3223 d:s ref:0 ;
in:1114 out:1114 type:P dur:2 cpbdur:2 q:32.89 aq:25.09 tex:130456 mv:23110 misc:4290 imb:2792 pmb:994 smb:4374 d:s ref:0 ;
in:1115 out:1115 type:P dur:2 cpbdur:2 q:32.52 aq:26.11 tex:143875 mv:25935 misc:4382 imb:2915 pmb:1147 smb:4098 d:s ref:0 ;
in:1116 out:1116 type:P dur:2 cpbdur:2 q:32.56 aq:25.80 tex:112856 mv:25011 misc:4981 imb:2534 pmb:1409 smb:4217 d:s ref:0 ;
in:1117 out:1117 type:P dur:2 cpbdur:2 q:32.54 aq:25.80 tex:97847 mv:20713 misc:4552 imb:2054 pmb:1328 smb:4778 d:s ref:0 ;
in:1118 out:1118 type:P dur:2 cpbdur:2 q:30.78 aq:24.22 tex:126016 mv:23083 misc:4637 imb:2728 pmb:1331 smb:4101 d:s ref:0 ;
in:1119 out:1119 type:P dur:2 cpbdur:2 q:31.09 aq:23.87 tex:150924 mv:20910 misc:4686 imb:2417 pmb:1162 smb:4581 d:s ref:0 ;
in:1120 out:1120 type:P dur:2 cpbdur:2 q:32.39 aq:24.22 tex:182893 mv:24860 misc:4615 imb:3359 pmb:1023 smb:3778 d:s ref:0 ;
in:1121 out:1121 type:P dur:2 cpbdur:2 q:31.01 aq:23.02 tex:157087 mv:24092 misc:4941 imb:2602 pmb:1495 smb:4063 d:s ref:0 ;
in:1122 out:1122 type:P dur:2 cpbdur:2 q:29.45 aq:21.67 tex:163517 mv:20666 misc:4649 imb:1886 pmb:1772 smb:4502 d:s ref:0 ;
in:1123 out:1123 type:P dur:2 cpbdur:2 q:29.78 aq:21.84 tex:128145 mv:18183 misc:5392 imb:1401 pmb:1687 smb:5072 d:s ref:0 ;
in:1125 out:1124 type:P dur:2 cpbdur:2 q:36.05 aq:28.00 tex:230468 mv:20106 misc:3098 imb:3109 pmb:616 smb:4435 d:s ref:0 ;
in:1124 out:1125 type:b dur:2 cpbdur:2 q:36.19 aq:23.72 tex:8418 mv:4587 misc:2171 imb:124 pmb:579 smb:7457 d:s ref:0 ;
in:1126 out:1126 type:P dur:2 cpbdur:2 q:31.90 aq:23.57 tex:171495 mv:19525 misc:4892 imb:1685 pmb:1841 smb:4634 d:s ref:0 ;
in:1127 out:1127 type:P dur:2 cpbdur:2 q:30.64 aq:22.46 tex:155381 mv:12699 misc:4008 imb:894 pmb:1604 smb:5662 d:s ref:0 ;
in:1128 out:1128 type:P dur:2 cpbdur:2 q:30.17 aq:21.00 tex:171700 mv:15363 misc:4705 imb:1052 pmb:1808 smb:5300 d:s ref:0 ;
in:1130 out:1129 type:P dur:2 cpbdur:2 q:29.52 aq:19.59 tex:197031 mv:18462 misc:5475 imb:1401 pmb:2076 smb:4683 d:s ref:0 ;
in:1129 out:1130 type:b dur:2 cpbdur:2 q:30.43 aq:22.81 tex:4327 mv:4001 misc:2520 imb:73 pmb:609 smb:7478 d:s ref:0 ;
in:1131 out:1131 type:P dur:2 cpbdur:2 q:29.16 aq:18.91 tex:234059 mv:19626 misc:5019 imb:1492 pmb:2237 smb:4431 d:s ref:0 ;
in:1133 out:1132 type:P dur:2 cpbdur:2 q:28.35 aq:18.13 tex:216780 mv:16880 misc:5292 imb:1235 pmb:2101 smb:4824 d:s ref:0 ;
in:1132 out:1133 type:b dur:2 cpbdur:2 q:29.55 aq:23.96 tex:8507 mv:6135 misc:2542 imb:130 pmb:701 smb:7329 d:s ref:0 ;
in:1137 out:1134 type:P dur:2 cpbdur:2 q:27.96 aq:17.17 tex:332630 mv:21650 misc:4960 imb:1636 pmb:2300 smb:4224 d:s ref:0 ;
in:1135 out:1135 type:B dur:2 cpbdur:2 q:28.80 aq:19.80 tex:11439 mv:9276 misc:4061 imb:289 pmb:1128 smb:6743 d:s ref:0 ;
in:1134 out:1136 type:b dur:2 cpbdur:2 q:29.15 aq:22.24 tex:3894 mv:5543 misc:2643 imb:131 pmb:620 smb:7409 d:s ref:0 ;
in:1136 out:1137 type:b dur:2 cpbdur:2 q:29.06 aq:23.70 tex:9158 mv:5632 misc:3002 imb:123 pmb:743 smb:7294 d:- ref:0 ;
in:1141 out:1138 type:P dur:2 cpbdur:2 q:27.81 aq:16.97 tex:314431 mv:23516 misc:4693 imb:1973 pmb:2458 smb:3729 d:s ref:0 ;
in:1139 out:1139 type:B dur:2 cpbdur:2 q:28.32 aq:22.79 tex:14510 mv:8310 misc:4028 imb:165 pmb:1036 smb:6959 d:s ref:0 ;
in:1138 out:1140 type:b dur:2 cpbdur:2 q:28.78 aq:23.59 tex:6239 mv:4943 misc:2714 imb:68 pmb:610 smb:7482 d:s ref:0 ;
in:1140 out:1141 type:b dur:2 cpbdur:2 q:28.58 aq:19.65 tex:3853 mv:3871 misc:3452 imb:78 pmb:857 smb:7225 d:- ref:0 ;
in:1145 out:1142 type:P dur:2 cpbdur:2 q:28.41 aq:17.58 tex:70004 mv:11990 misc:4310 imb:827 pmb:1307 smb:6026 d:s ref:0 ;
in:1143 out:1143 type:B dur:2 cpbdur:2 q:28.69 aq:20.76 tex:3203 mv:4227 misc:2194 imb:86 pmb:431 smb:7643 d:s ref:0 ;
in:1142 out:1144 type:b dur:2 cpbdur:2 q:28.92 aq:20.53 tex:741 mv:875 misc:1368 imb:10 pmb:221 smb:7929 d:s ref:0 ;
in:1144 out:1145 type:b dur:2 cpbdur:2 q:28.92 aq:23.51 tex:1123 mv:1056 misc:1341 imb:23 pmb:177 smb:7960 d:- ref:0 ;
in:1149 out:1146 type:P dur:2 cpbdur:2 q:28.45 aq:17.47 tex:95073 mv:11654 misc:4121 imb:820 pmb:1300 smb:6040 d:s ref:0 ;
in:1147 out:1147 type:B dur:2 cpbdur:2 q:28.80 aq:19.18 tex:4786 mv:4588 misc:2410 imb:62 pmb:524 smb:7574 d:s ref:0 ;
in:1146 out:1148 type:b dur:2 cpbdur:2 q:29.02 aq:19.24 tex:578 mv:766 misc:1264 imb:12 pmb:198 smb:7950 d:s ref:0 ;
in:1148 out:1149 type:b dur:2 cpbdur:2 q:29.02 aq:20.85 tex:1199 mv:1323 misc:1318 imb:26 pmb:196 smb:7938 d:- ref:0 ;
in:1153 out:1150 type:P dur:2 cpbdur:2 q:27.28 aq:16.88 tex:146427 mv:13207 misc:5158 imb:985 pmb:1906 smb:5269 d:s ref:0 ;
in:1151 out:1151 type:B dur:2 cpbdur:2 q:28.70 aq:19.83 tex:5916 mv:5277 misc:2583 imb:77 pmb:641 smb:7442 d:s ref:0 ;
in:1150 out:1152 type:b dur:2 cpbdur:2 q:28.93 aq:21.63 tex:2364 mv:2067 misc:1769 imb:46 pmb:340 smb:7774 d:s ref:0 ;
in:1152 out:1153 type:b dur:2 cpbdur:2 q:28.93 aq:20.78 tex:1297 mv:791 misc:1224 imb:13 pmb:190 smb:7957 d:- ref:0 ;
in:1157 out:1154 type:P dur:2 cpbdur:2 q:27.12 aq:16.47 tex:130185 mv:12842 misc:4645 imb:859 pmb:1690 smb:5611 d:s ref:0 ;
in:1155 out:1155 type:B dur:2 cpbdur:2 q:27.58 aq:19.58 tex:5237 mv:4841 misc:2650 imb:97 pmb:603 smb:7460 d:s ref:0 ;
in:1154 out:1156 type:b dur:2 cpbdur:2 q:27.88 aq:20.13 tex:1792 mv:1334 misc:1394 imb:23 pmb:204 smb:7933 d:s ref:0 ;
in:1156 out:1157 type:b dur:2 cpbdur:2 q:27.88 aq:20.58 tex:1385 mv:1266 misc:1597 imb:20 pmb:273 smb:7867 d:- ref:0 ;
in:1161 out:1158 type:P dur:2 cpbdur:2 q:27.02 aq:16.02 tex:108701 mv:15216 misc:4555 imb:1230 pmb:1589 smb:5341 d:s ref:0 ;
in:1159 out:1159 type:B dur:2 cpbdur:2 q:27.43 aq:18.96 tex:6893 mv:5565 misc:2582 imb:113 pmb:603 smb:7444 d:t ref:0 ;
in:1158 out:1160 type:b dur:2 cpbdur:2 q:27.66 aq:20.15 tex:2435 mv:2087 misc:1718 imb:44 pmb:320 smb:7796 d:s ref:0 ;
in:1160 out:1161 type:b dur:2 cpbdur:2 q:27.66 aq:20.12 tex:3667 mv:2942 misc:2255 imb:42 pmb:511 smb:7607 d:- ref:0 ;
in:1165 out:1162 type:P dur:2 cpbdur:2 q:26.76 aq:16.61 tex:111401 mv:11714 misc:4693 imb:851 pmb:1496 smb:5813 d:s ref:0 ;
in:1163 out:1163 type:B dur:2 cpbdur:2 q:27.33 aq:18.62 tex:4438 mv:4139 misc:2103 imb:101 pmb:458 smb:7601 d:s ref:0 ;
in:1162 out:1164 type:b dur:2 cpbdur:2 q:27.33 aq:21.65 tex:1570 mv:1180 misc:1434 imb:12 pmb:300 smb:7848 d:s ref:0 ;
in:1164 out:1165 type:b dur:2 cpbdur:2 q:27.33 aq:22.21 tex:2305 mv:1228 misc:1435 imb:26 pmb:215 smb:7919 d:- ref:0 ;
in:1169 out:1166 type:P dur:2 cpbdur:2 q:26.67 aq:16.61 tex:75868 mv:10083 misc:4001 imb:792 pmb:1115 smb:6253 d:s ref:0 ;
in:1167 out:1167 type:B dur:2 cpbdur:2 q:27.02 aq:17.27 tex:5641 mv:5767 misc:2352 imb:158 pmb:621 smb:7381 d:s ref:0 ;
in:1166 out:1168 type:b dur:2 cpbdur:2 q:27.02 aq:19.13 tex:932 mv:1089 misc:1491 imb:11 pmb:245 smb:7904 d:s ref:0 ;
in:1168 out:1169 type:b dur:2 cpbdur:2 q:27.02 aq:19.86 tex:2053 mv:1494 misc:1405 imb:32 pmb:201 smb:7927 d:- ref:0 ;
in:1173 out:1170 type:P dur:2 cpbdur:2 q:26.77 aq:16.31 tex:94144 mv:15411 misc:4525 imb:1317 pmb:1412 smb:5431 d:s ref:0 ;
in:1171 out:1171 type:B dur:2 cpbdur:2 q:26.81 aq:17.87 tex:10523 mv:7387 misc:3426 imb:171 pmb:951 smb:7038 d:s ref:0 ;
in:1170 out:1172 type:b dur:2 cpbdur:2 q:26.81 aq:18.43 tex:4765 mv:4606 misc:2661 imb:103 pmb:674 smb:7383 d:s ref:0 ;
in:1172 out:1173 type:b dur:2 cpbdur:2 q:26.81 aq:19.73 tex:1880 mv:1071 misc:1537 imb:13 pmb:258 smb:7889 d:- ref:0 ;
in:1177 out:1174 type:P dur:2 cpbdur:2 q:26.42 aq:15.86 tex:103552 mv:13175 misc:4673 imb:970 pmb:1397 smb:5793 d:s ref:0 ;
in:1175 out:1175 type:B dur:2 cpbdur:2 q:26.84 aq:18.73 tex:6870 mv:5567 misc:2835 imb:114 pmb:711 smb:7335 d:s ref:0 ;
in:1174 out:1176 type:b dur:2 cpbdur:2 q:26.84 aq:20.17 tex:2736 mv:1784 misc:1648 imb:39 pmb:255 smb:7866 d:s ref:0 ;
in:1176 out:1177 type:b dur:2 cpbdur:2 q:26.84 aq:20.41 tex:2314 mv:1571 misc:1763 imb:15 pmb:327 smb:7818 d:- ref:0 ;
in:1181 out:1178 type:P dur:2 cpbdur:2 q:26.19 aq:15.31 tex:124254 mv:16648 misc:4130 imb:1182 pmb:1492 smb:5486 d:s ref:0 ;
in:1179 out:1179 type:B dur:2 cpbdur:2 q:26.44 aq:18.23 tex:6603 mv:5781 misc:2824 imb:110 pmb:650 smb:7400 d:s ref:0 ;
in:1178 out:1180 type:b dur:2 cpbdur:2 q:26.44 aq:20.13 tex:4467 mv:3551 misc:2222 imb:53 pmb:481 smb:7626 d:s ref:0 ;
in:1180 out:1181 type:b dur:2 cpbdur:2 q:26.44 aq:19.20 tex:6080 mv:4363 misc:2621 imb:63 pmb:710 smb:7387 d:- ref:0 ;
in:1185 out:1182 type:P dur:2 cpbdur:2 q:26.10 aq:15.20 tex:87970 mv:11323 misc:3603 imb:776 pmb:1194 smb:6190 d:s ref:0 ;
in:1183 out:1183 type:B dur:2 cpbdur:2 q:26.19 aq:18.58 tex:8550 mv:5488 misc:2578 imb:92 pmb:664 smb:7404 d:s ref:0 ;
in:1182 out:1184 type:b dur:2 cpbdur:2 q:26.19 aq:19.12 tex:2275 mv:1500 misc:1793 imb:5 pmb:360 smb:7795 d:s ref:0 ;
in:1184 out:1185 type:b dur:2 cpbdur:2 q:26.19 aq:19.09 tex:3627 mv:2674 misc:1939 imb:51 pmb:373 smb:7736 d:- ref:0 ;
in:1189 out:1186 type:P dur:2 cpbdur:2 q:25.99 aq:15.27 tex:85714 mv:11741 misc:4225 imb:889 pmb:1254 smb:6017 d:s ref:0 ;
in:1187 out:1187 type:B dur:2 cpbdur:2 q:26.10 aq:16.47 tex:6790 mv:5824 misc:2922 imb:98 pmb:791 smb:7271 d:s ref:0 ;
in:1186 out:1188 type:b dur:2 cpbdur:2 q:26.10 aq:18.42 tex:2134 mv:1350 misc:1924 imb:12 pmb:381 smb:7767 d:s ref:0 ;
in:1188 out:1189 type:b dur:2 cpbdur:2 q:26.10 aq:18.46 tex:4146 mv:3003 misc:2123 imb:41 pmb:488 smb:7631 d:- ref:0 ;
in:1193 out:1190 type:P dur:2 cpbdur:2 q:26.37 aq:15.33 tex:98120 mv:15324 misc:4436 imb:1267 pmb:1398 smb:5495 d:s ref:0 ;
in:1191 out:1191 type:B dur:2 cpbdur:2 q:26.38 aq:17.22 tex:6620 mv:6098 misc:3090 imb:117 pmb:828 smb:7215 d:s ref:0 ;
in:1190 out:1192 type:b dur:2 cpbdur:2 q:26.38 aq:17.72 tex:4797 mv:3324 misc:2647 imb:58 pmb:610 smb:7492 d:s ref:0 ;
in:1192 out:1193 type:b dur:2 cpbdur:2 q:26.38 aq:17.51 tex:1288 mv:1286 misc:1602 imb:9 pmb:302 smb:7849 d:- ref:0 ;
in:1197 out:1194 type:P dur:2 cpbdur:2 q:26.53 aq:15.93 tex:65456 mv:11562 misc:4046 imb:817 pmb:1269 smb:6074 d:s ref:0 ;
in:1195 out:1195 type:B dur:2 cpbdur:2 q:26.72 aq:19.03 tex:8144 mv:4769 misc:2743 imb:58 pmb:682 smb:7420 d:t ref:0 ;
in:1194 out:1196 type:b dur:2 cpbdur:2 q:26.72 aq:18.08 tex:1855 mv:1667 misc:1638 imb:20 pmb:269 smb:7871 d:s ref:0 ;
in:1196 out:1197 type:b dur:2 cpbdur:2 q:26.72 aq:18.95 tex:2258 mv:1471 misc:1807 imb:18 pmb:371 smb:7771 d:- ref:0 ;
in:1201 out:1198 type:P dur:2 cpbdur:2 q:26.14 aq:15.04 tex:88664 mv:10823 misc:4113 imb:616 pmb:1307 smb:6237 d:s ref:0 ;
in:1199 out:1199 type:B dur:2 cpbdur:2 q:26.67 aq:17.63 tex:8007 mv:7008 misc:2617 imb:146 pmb:760 smb:7254 d:s ref:0 ;
in:1198 out:1200 type:b dur:2 cpbdur:2 q:26.67 aq:17.65 tex:2738 mv:1699 misc:1699 imb:23 pmb:269 smb:7868 d:s ref:0 ;
in:1200 out:1201 type:b dur:2 cpbdur:2 q:26.67 aq:18.54 tex:2574 mv:1627 misc:1711 imb:25 pmb:300 smb:7835 d:- ref:0 ;
in:1202 out:1202 type:I dur:2 cpbdur:2 q:24.47 aq:12.97 tex:1246337 mv:118266 misc:357 imb:8160 pmb:0 smb:0 d:s ref:;
in:1206 out:1203 type:P dur:2 cpbdur:2 q:26.90 aq:17.02 tex:53453 mv:10943 misc:3292 imb:773 pmb:1010 smb:6377 d:s ref:0 ;
in:1204 out:1204 type:B dur:2 cpbdur:2 q:26.95 aq:19.71 tex:6188 mv:4456 misc:2252 imb:81 pmb:554 smb:7525 d:t ref:0 ;
in:1203 out:1205 type:b dur:2 cpbdur:2 q:26.95 aq:25.16 tex:4190 mv:2284 misc:1742 imb:37 pmb:326 smb:7797 d:s ref:0 ;
in:1205 out:1206 type:b dur:2 cpbdur:2 q:26.95 aq:21.71 tex:1968 mv:1703 misc:1537 imb:38 pmb:235 smb:7887 d:- ref:0 ;
in:1210 out:1207 type:P dur:2 cpbdur:2 q:27.12 aq:16.78 tex:64881 mv:13358 misc:4265 imb:1077 pmb:1157 smb:5926 d:s ref:0 ;
in:1208 out:1208 type:B dur:2 cpbdur:2 q:27.35 aq:18.87 tex:3771 mv:3546 misc:2483 imb:61 pmb:481 smb:7618 d:s ref:0 ;
in:1207 out:1209 type:b dur:2 cpbdur:2 q:27.35 aq:21.04 tex:1421 mv:1191 misc:1596 imb:12 pmb:292 smb:7856 d:s ref:0 ;
in:1209 out:1210 type:b dur:2 cpbdur:2 q:27.35 aq:19.46 tex:3572 mv:2770 misc:2138 imb:49 pmb:462 smb:7649 d:- ref:0 ;
in:1214 out:1211 type:P dur:2 cpbdur:2 q:26.61 aq:16.07 tex:54046 mv:11757 misc:4157 imb:811 pmb:1172 smb:6177 d:s ref:0 ;
in:1212 out:1212 type:B dur:2 cpbdur:2 q:27.32 aq:18.41 tex:4964 mv:5907 misc:2745 imb:83 pmb:724 smb:7353 d:s ref:0 ;
in:1211 out:1213 type:b dur:2 cpbdur:2 q:27.32 aq:19.74 tex:1626 mv:1148 misc:1578 imb:17 pmb:293 smb:7850 d:s ref:0 ;
in:1213 out:1214 type:b dur:2 cpbdur:2 q:27.32 aq:18.67 tex:1869 mv:1848 misc:1587 imb:29 pmb:258 smb:7873 d:- ref:0 ;
in:1218 out:1215 type:P dur:2 cpbdur:2 q:26.49 aq:15.76 tex:57602 mv:12172 misc:3418 imb:850 pmb:1122 smb:6188 d:s ref:0 ;
in:1216 out:1216 type:B dur:2 cpbdur:2 q:26.95 aq:18.50 tex:9047 mv:6972 misc:2861 imb:99 pmb:821 smb:7240 d:s ref:0 ;
in:1215 out:1217 type:b dur:2 cpbdur:2 q:26.95 aq:18.98 tex:2899 mv:2176 misc:1757 imb:38 pmb:301 smb:7821 d:s ref:0 ;
in:1217 out:1218 type:b dur:2 cpbdur:2 q:26.95 aq:22.17 tex:2517 mv:1769 misc:1754 imb:16 pmb:369 smb:7775 d:- ref:0 ;
in:1222 out:1219 type:P dur:2 cpbdur:2 q:26.70 aq:17.31 tex:107517 mv:18201 misc:5306 imb:1458 pmb:1788 smb:4914 d:s ref:0 ;
in:1220 out:1220 type:B dur:2 cpbdur:2 q:27.15 aq:20.85 tex:10746 mv:6544 misc:3862 imb:122 pmb:1024 smb:7014 d:s ref:0 ;
in:1219 out:1221 type:b dur:2 cpbdur:2 q:27.84 aq:23.51 tex:19109 mv:4548 misc:3207 imb:45 pmb:890 smb:7225 d:s ref:0 ;
in:1221 out:1222 type:b dur:2 cpbdur:2 q:27.15 aq:23.50 tex:14522 mv:6621 misc:3633 imb:109 pmb:1005 smb:7046 d:- ref:0 ;
in:1226 out:1223 type:P dur:2 cpbdur:2 q:27.36 aq:18.46 tex:141392 mv:17910 misc:4738 imb:1491 pmb:1619 smb:5050 d:s ref:0 ;
in:1224 out:1224 type:B dur:2 cpbdur:2 q:27.69 aq:21.83 tex:27759 mv:10495 misc:4226 imb:196 pmb:1439 smb:6525 d:s ref:0 ;
in:1223 out:1225 type:b dur:2 cpbdur:2 q:28.06 aq:24.36 tex:9176 mv:5296 misc:2648 imb:83 pmb:653 smb:7424 d:s ref:0 ;
in:1225 out:1226 type:b dur:2 cpbdur:2 q:28.01 aq:23.31 tex:11079 mv:5233 misc:2648 imb:89 pmb:650 smb:7421 d:- ref:0 ;
in:1228 out:1227 type:P dur:2 cpbdur:2 q:26.36 aq:18.35 tex:77062 mv:12629 misc:4829 imb:903 pmb:1397 smb:5860 d:s ref:0 ;
in:1227 out:1228 type:b dur:2 cpbdur:2 q:27.75 aq:24.38 tex:13309 mv:4584 misc:2595 imb:72 pmb:707 smb:7381 d:s ref:0 ;
in:1229 out:1229 type:P dur:2 cpbdur:2 q:26.94 aq:18.99 tex:86605 mv:13698 misc:4761 imb:885 pmb:1583 smb:5692 d:s ref:0 ;
in:1231 out:1230 type:P dur:2 cpbdur:2 q:34.36 aq:26.41 tex:188722 mv:19745 misc:3909 imb:2374 pmb:900 smb:4886 d:s ref:0 ;
in:1230 out:1231 type:b dur:2 cpbdur:2 q:34.54 aq:22.48 tex:7786 mv:4438 misc:2536 imb:128 pmb:683 smb:7349 d:s ref:0 ;
in:1232 out:1232 type:P dur:2 cpbdur:2 q:31.02 aq:23.77 tex:100002 mv:12993 misc:4349 imb:737 pmb:1515 smb:5908 d:s ref:0 ;
in:1233 out:1233 type:P dur:2 cpbdur:2 q:29.23 aq:22.06 tex:115827 mv:15561 misc:4708 imb:1030 pmb:1773 smb:5357 d:s ref:0 ;
in:1234 out:1234 type:P dur:2 cpbdur:2 q:28.33 aq:21.13 tex:137944 mv:15909 misc:4659 imb:1068 pmb:1734 smb:5358 d:s ref:0 ;
in:1235 out:1235 type:P dur:2 cpbdur:2 q:28.62 aq:21.31 tex:118999 mv:14886 misc:4851 imb:1104 pmb:1591 smb:5465 d:s ref:0 ;
in:1236 out:1236 type:P dur:2 cpbdur:2 q:34.85 aq:28.46 tex:171487 mv:16774 misc:2875 imb:1862 pmb:689 smb:5609 d:s ref:0 ;
in:1237 out:1237 type:P dur:2 cpbdur:2 q:36.93 aq:31.60 tex:121960 mv:15987 misc:2125 imb:2356 pmb:461 smb:5343 d:s ref:0 ;
in:1238 out:1238 type:P dur:2 cpbdur:2 q:36.23 aq:30.20 tex:130019 mv:18193 misc:2436 imb:2625 pmb:453 smb:5082 d:s ref:0 ;
in:1239 out:1239 type:P dur:2 cpbdur:2 q:36.47 aq:30.76 tex:147253 mv:18548 misc:2543 imb:2649 pmb:435 smb:5076 d:s ref:0 ;
in:1240 out:1240 type:P dur:2 cpbdur:2 q:36.48 aq:30.50 tex:146616 mv:19621 misc:3155 imb:2851 pmb:514 smb:4795 d:s ref:0 ;
in:1241 out:1241 type:P dur:2 cpbdur:2 q:36.31 aq:28.81 tex:171024 mv:21455 misc:3241 imb:2924 pmb:667 smb:4569 d:s ref:0 ;
in:1242 out:1242 type:P dur:2 cpbdur:2 q:37.42 aq:31.27 tex:144033 mv:18419 misc:2084 imb:2399 pmb:495 smb:5266 d:s ref:0 ;
in:1243 out:1243 type:P dur:2 cpbdur:2 q:37.48 aq:30.53 tex:165517 mv:19973 misc:2526 imb:2430 pmb:589 smb:5141 d:s ref:0 ;
in:1244 out:1244 type:P dur:2 cpbdur:2 q:37.44 aq:30.09 tex:157283 mv:21778 misc:3075 imb:2125 pmb:837 smb:5198 d:s ref:0 ;
in:1245 out:1245 type:P dur:2 cpbdur:2 q:34.31 aq:25.87 tex:125564 mv:19200 misc:4340 imb:1591 pmb:1859 smb:4710 d:s ref:0 ;
in:1246 out:1246 type:P dur:2 cpbdur:2 q:32.84 aq:24.15 tex:149725 mv:17755 misc:4576 imb:1243 pmb:2072 smb:4845 d:s ref:0 ;
in:1247 out:1247 type:P dur:2 cpbdur:2 q:31.87 aq:22.64 tex:115736 mv:9860 misc:3916 imb:568 pmb:1809 smb:5783 d:s ref:0 ;
in:1249 out:1248 type:P dur:2 cpbdur:2 q:38.96 aq:30.57 tex:203289 mv:19374 misc:2409 imb:2366 pmb:549 smb:5245 d:s ref:0 ;
in:1248 out:1249 type:b dur:2 cpbdur:2 q:39.17 aq:29.58 tex:1401 mv:2317 misc:1394 imb:44 pmb:309 smb:7807 d:s ref:0 ;
in:1250 out:1250 type:P dur:2 cpbdur:2 q:35.08 aq:26.58 tex:124050 mv:15109 misc:3961 imb:835 pmb:1992 smb:5333 d:s ref:0 ;
in:1251 out:1251 type:P dur:2 cpbdur:2 q:34.10 aq:24.74 tex:118006 mv:13044 misc:4670 imb:653 pmb:2062 smb:5445 d:s ref:0 ;
in:1252 out:1252 type:P dur:2 cpbdur:2 q:33.48 aq:24.09 tex:101912 mv:9382 misc:3858 imb:320 pmb:1858 smb:5982 d:s ref:0 ;
in:1256 out:1253 type:P dur:2 cpbdur:2 q:32.63 aq:22.27 tex:156443 mv:19514 misc:4619 imb:1216 pmb:2324 smb:4620 d:s ref:0 ;
in:1254 out:1254 type:B dur:2 cpbdur:2 q:33.95 aq:22.14 tex:4528 mv:3595 misc:2149 imb:63 pmb:445 smb:7652 d:s ref:0 ;
in:1253 out:1255 type:b dur:2 cpbdur:2 q:34.00 aq:23.36 tex:2515 mv:2257 misc:1444 imb:45 pmb:293 smb:7822 d:s ref:0 ;
in:1255 out:1256 type:b dur:2 cpbdur:2 q:34.00 aq:24.62 tex:2964 mv:2174 misc:1438 imb:33 pmb:261 smb:7866 d:- ref:0 ;
in:1260 out:1257 type:P dur:2 cpbdur:2 q:31.73 aq:22.37 tex:166370 mv:19686 misc:4512 imb:1037 pmb:2543 smb:4580 d:s ref:0 ;
in:1258 out:1258 type:B dur:2 cpbdur:2 q:32.94 aq:24.69 tex:4128 mv:5253 misc:2491 imb:84 pmb:513 smb:7563 d:s ref:0 ;
in:1257 out:1259 type:b dur:2 cpbdur:2 q:33.26 aq:23.33 tex:2254 mv:2821 misc:1909 imb:16 pmb:404 smb:7740 d:s ref:0 ;
in:1259 out:1260 type:b dur:2 cpbdur:2 q:33.13 aq:22.84 tex:1856 mv:1806 misc:1274 imb:11 pmb:231 smb:7918 d:- ref:0 ;
in:1264 out:1261 type:P dur:2 cpbdur:2 q:30.33 aq:20.68 tex:245938 mv:20792 misc:4318 imb:1301 pmb:2710 smb:4149 d:s ref:0 ;
in:1262 out:1262 type:B dur:2 cpbdur:2 q:32.28 aq:23.84 tex:2741 mv:4271 misc:2532 imb:96 pmb:466 smb:7598 d:s ref:0 ;
in:1261 out:1263 type:b dur:2 cpbdur:2 q:32.46 aq:27.01 tex:1002 mv:1332 misc:1426 imb:3 pmb:216 smb:7941 d:s ref:0 ;
in:1263 out:1264 type:b dur:2 cpbdur:2 q:32.45 aq:28.18 tex:632 mv:381 misc:763 imb:4 pmb:69 smb:8087 d:- ref:0 ;
in:1268 out:1265 type:P dur:2 cpbdur:2 q:29.74 aq:19.92 tex:198101 mv:18595 misc:4536 imb:1142 pmb:2535 smb:4483 d:s ref:0 ;
in:1266 out:1266 type:B dur:2 cpbdur:2 q:30.76 aq:22.48 tex:6262 mv:6248 misc:2842 imb:134 pmb:612 smb:7414 d:s ref:0 ;
in:1265 out:1267 type:b dur:2 cpbdur:2 q:31.11 aq:22.74 tex:1723 mv:1239 misc:1534 imb:32 pmb:226 smb:7902 d:s ref:0 ;
in:1267 out:1268 type:b dur:2 cpbdur:2 q:30.95 aq:22.11 tex:783 mv:756 misc:1045 imb:23 pmb:105 smb:8032 d:- ref:0 ;
in:1272 out:1269 type:P dur:2 cpbdur:2 q:29.77 aq:20.34 tex:159872 mv:18036 misc:4996 imb:959 pmb:2442 smb:4759 d:s ref:0 ;
in:1270 out:1270 type:B dur:2 cpbdur:2 q:30.14 aq:22.55 tex:5755 mv:5347 misc:3042 imb:95 pmb:710 smb:7355 d:t ref:0 ;
in:1269 out:1271 type:b dur:2 cpbdur:2 q:30.29 aq:22.01 tex:1475 mv:1016 misc:1365 imb:33 pmb:156 smb:7971 d:s ref:0 ;
in:1271 out:1272 type:b dur:2 cpbdur:2 q:30.29 aq:21.67 tex:1012 mv:945 misc:1411 imb:24 pmb:192 smb:7944 d:- ref:0 ;
in:1276 out:1273 type:P dur:2 cpbdur:2 q:32.51 aq:22.50 tex:30480 mv:11485 misc:3995 imb:930 pmb:982 smb:6248 d:s ref:0 ;
in:1274 out:1274 type:B dur:2 cpbdur:2 q:32.50 aq:22.35 tex:2030 mv:2207 misc:1659 imb:77 pmb:214 smb:7869 d:s ref:0 ;
in:1273 out:1275 type:b dur:2 cpbdur:2 q:32.50 aq:21.96 tex:552 mv:792 misc:960 imb:31 pmb:81 smb:8048 d:s ref:0 ;
in:1275 out:1276 type:b dur:2 cpbdur:2 q:32.51 aq:22.54 tex:1135 mv:1047 misc:1346 imb:29 pmb:180 smb:7951 d:- ref:0 ;
in:1280 out:1277 type:P dur:2 cpbdur:2 q:29.39 aq:19.65 tex:140748 mv:21108 misc:5064 imb:1553 pmb:2409 smb:4198 d:s ref:0 ;
in:1278 out:1278 type:B dur:2 cpbdur:2 q:32.50 aq:23.68 tex:1769 mv:2870 misc:1809 imb:52 pmb:293 smb:7815 d:s ref:0 ;
in:1277 out:1279 type:b dur:2 cpbdur:2 q:32.51 aq:20.92 tex:335 mv:589 misc:916 imb:27 pmb:81 smb:8052 d:s ref:0 ;
in:1279 out:1280 type:b dur:2 cpbdur:2 q:32.49 aq:21.84 tex:1480 mv:1272 misc:1440 imb:43 pmb:225 smb:7892 d:- ref:0 ;
in:1284 out:1281 type:P dur:2 cpbdur:2 q:29.21 aq:19.76 tex:156382 mv:18284 misc:4790 imb:1158 pmb:2314 smb:4688 d:s ref:0 ;
in:1282 out:1282 type:B dur:2 cpbdur:2 q:29.79 aq:22.11 tex:9148 mv:7385 misc:3443 imb:132 pmb:788 smb:7240 d:s ref:0 ;
in:1281 out:1283 type:b dur:2 cpbdur:2 q:30.02 aq:22.56 tex:831 mv:860 misc:1237 imb:36 pmb:152 smb:7972 d:s ref:0 ;
in:1283 out:1284 type:b dur:2 cpbdur:2 q:30.02 aq:22.70 tex:1708 mv:1599 misc:1405 imb:57 pmb:200 smb:7903 d:- ref:0 ;
in:1288 out:1285 type:P dur:2 cpbdur:2 q:30.01 aq:21.00 tex:88520 mv:16284 misc:4868 imb:1036 pmb:1759 smb:5365 d:s ref:0 ;
in:1286 out:1286 type:B dur:2 cpbdur:2 q:30.01 aq:22.81 tex:9084 mv:8745 misc:3307 imb:178 pmb:807 smb:7175 d:t ref:0 ;
in:1285 out:1287 type:b dur:2 cpbdur:2 q:30.01 aq:23.28 tex:3388 mv:2550 misc:2078 imb:89 pmb:401 smb:7670 d:s ref:0 ;
in:1287 out:1288 type:b dur:2 cpbdur:2 q:30.01 aq:22.28 tex:1105 mv:1310 misc:1433 imb:34 pmb:203 smb:7923 d:- ref:0 ;
in:1292 out:1289 type:P dur:2 cpbdur:2 q:29.23 aq:19.81 tex:138570 mv:20156 misc:4962 imb:1042 pmb:2378 smb:4740 d:s ref:0 ;
in:1290 out:1290 type:B dur:2 cpbdur:2 q:30.04 aq:22.21 tex:7829 mv:7225 misc:3322 imb:141 pmb:779 smb:7240 d:s ref:0 ;
in:1289 out:1291 type:b dur:2 cpbdur:2 q:30.04 aq:22.80 tex:1610 mv:2059 misc:1659 imb:50 pmb:229 smb:7881 d:s ref:0 ;
in:1291 out:1292 type:b dur:2 cpbdur:2 q:30.03 aq:24.73 tex:1131 mv:1475 misc:1706 imb:27 pmb:292 smb:7841 d:- ref:0 ;
in:1296 out:1293 type:P dur:2 cpbdur:2 q:28.35 aq:18.93 tex:157533 mv:24095 misc:4868 imb:1448 pmb:2628 smb:4084 d:s ref:0 ;
in:1294 out:1294 type:B dur:2 cpbdur:2 q:29.38 aq:21.10 tex:8175 mv:6104 misc:3129 imb:129 pmb:748 smb:7283 d:s ref:0 ;
in:1293 out:1295 type:b dur:2 cpbdur:2 q:29.54 aq:20.73 tex:1928 mv:2002 misc:1846 imb:57 pmb:303 smb:7800 d:s ref:0 ;
in:1295 out:1296 type:b dur:2 cpbdur:2 q:29.54 aq:21.27 tex:2712 mv:2291 misc:2173 imb:56 pmb:456 smb:7648 d:- ref:0 ;
in:1300 out:1297 type:P dur:2 cpbdur:2 q:29.03 aq:20.30 tex:129775 mv:20976 misc:4585 imb:1711 pmb:1946 smb:4503 d:s ref:0 ;
in:1298 out:1298 type:B dur:2 cpbdur:2 q:29.55 aq:22.16 tex:10612 mv:8172 misc:2888 imb:401 pmb:756 smb:7003 d:s ref:0 ;
in:1297 out:1299 type:b dur:2 cpbdur:2 q:29.98 aq:21.11 tex:1801 mv:2282 misc:1701 imb:61 pmb:416 smb:7683 d:s ref:0 ;
in:1299 out:1300 type:b dur:2 cpbdur:2 q:29.97 aq:21.82 tex:5017 mv:5881 misc:1998 imb:340 pmb:455 smb:7365 d:- ref:0 ;
in:1304 out:1301 type:P dur:2 cpbdur:2 q:27.94 aq:19.00 tex:108250 mv:20927 misc:4871 imb:1996 pmb:2106 smb:4058 d:s ref:0 ;
in:1302 out:1302 type:B dur:2 cpbdur:2 q:29.53 aq:22.04 tex:18499 mv:10930 misc:3779 imb:454 pmb:1061 smb:6645 d:s ref:0 ;
in:1301 out:1303 type:b dur:2 cpbdur:2 q:29.96 aq:22.50 tex:7067 mv:5048 misc:2005 imb:225 pmb:499 smb:7436 d:s ref:0 ;
in:1303 out:1304 type:b dur:2 cpbdur:2 q:29.95 aq:19.67 tex:3343 mv:2825 misc:1896 imb:138 pmb:342 smb:7680 d:- ref:0 ;
in:1308 out:1305 type:P dur:2 cpbdur:2 q:28.37 aq:20.26 tex:176834 mv:24348 misc:5146 imb:2035 pmb:2324 smb:3801 d:s ref:0 ;
in:1306 out:1306 type:B dur:2 cpbdur:2 q:29.07 aq:21.90 tex:23266 mv:13937 misc:4693 imb:426 pmb:1396 smb:6338 d:s ref:0 ;
in:1305 out:1307 type:b dur:2 cpbdur:2 q:29.30 aq:21.53 tex:4604 mv:4077 misc:2823 imb:76 pmb:665 smb:7419 d:s ref:0 ;
in:1307 out:1308 type:b dur:2 cpbdur:2 q:29.30 aq:23.17 tex:6238 mv:7530 misc:3328 imb:246 pmb:770 smb:7144 d:- ref:0 ;
in:1312 out:1309 type:P dur:2 cpbdur:2 q:28.26 aq:20.84 tex:149346 mv:24083 misc:5675 imb:2041 pmb:2096 smb:4023 d:s ref:0 ;
in:1310 out:1310 type:B dur:2 cpbdur:2 q:28.73 aq:21.59 tex:28235 mv:16610 misc:5203 imb:458 pmb:1706 smb:5996 d:s ref:0 ;
in:1309 out:1311 type:b dur:2 cpbdur:2 q:29.19 aq:22.26 tex:9250 mv:8045 misc:3561 imb:191 pmb:924 smb:7045 d:s ref:0 ;
in:1311 out:1312 type:b dur:2 cpbdur:2 q:29.17 aq:23.94 tex:8015 mv:7380 misc:3509 imb:115 pmb:996 smb:7049 d:- ref:0 ;
in:1313 out:1313 type:P dur:2 cpbdur:2 q:27.74 aq:20.25 tex:140546 mv:19382 misc:5512 imb:1275 pmb:2504 smb:4381 d:s ref:0 ;
in:1314 out:1314 type:P dur:2 cpbdur:2 q:27.74 aq:20.69 tex:118357 mv:17528 misc:6043 imb:1013 pmb:2392 smb:4755 d:s ref:0 ;
in:1315 out:1315 type:P dur:2 cpbdur:2 q:27.84 aq:20.63 tex:137926 mv:20056 misc:6218 imb:1301 pmb:2463 smb:4396 d:s ref:0 ;
in:1317 out:1316 type:P dur:2 cpbdur:2 q:27.92 aq:20.97 tex:141491 mv:20233 misc:6196 imb:1383 pmb:2300 smb:4477 d:s ref:0 ;
in:1316 out:1317 type:b dur:2 cpbdur:2 q:28.45 aq:21.07 tex:16719 mv:5568 misc:3513 imb:97 pmb:1053 smb:7010 d:s ref:0 ;
in:1318 out:1318 type:P dur:2 cpbdur:2 q:28.08 aq:21.33 tex:103362 mv:16014 misc:5728 imb:862 pmb:1930 smb:5368 d:s ref:0 ;
in:1319 out:1319 type:P dur:2 cpbdur:2 q:28.06 aq:21.21 tex:104197 mv:17287 misc:6092 imb:1045 pmb:2071 smb:5044 d:s ref:0 ;
in:1320 out:1320 type:P dur:2 cpbdur:2 q:28.06 aq:20.53 tex:88163 mv:16964 misc:6121 imb:1120 pmb:1916 smb:5124 d:s ref:0 ;
in:1321 out:1321 type:P dur:2 cpbdur:2 q:28.25 aq:21.19 tex:96140 mv:16999 misc:5797 imb:823 pmb:2074 smb:5263 d:s ref:0 ;
in:1322 out:1322 type:P dur:2 cpbdur:2 q:27.77 aq:21.42 tex:110568 mv:8790 misc:4234 imb:420 pmb:1620 smb:6120 d:s ref:0 ;
in:1323 out:1323 type:P dur:2 cpbdur:2 q:27.87 aq:20.84 tex:133951 mv:15683 misc:5182 imb:740 pmb:2082 smb:5338 d:s ref:0 ;
in:1324 out:1324 type:P dur:2 cpbdur:2 q:27.94 aq:21.10 tex:143097 mv:17230 misc:5177 imb:852 pmb:2238 smb:5070 d:s ref:0 ;
in:1325 out:1325 type:P dur:2 cpbdur:2 q:27.93 aq:20.88 tex:176284 mv:18562 misc:5650 imb:838 pmb:2448 smb:4874 d:s ref:0 ;
in:1326 out:1326 type:P dur:2 cpbdur:2 q:27.98 aq:20.26 tex:165822 mv:20473 misc:5257 imb:947 pmb:2539 smb:4674 d:s ref:0 ;
in:1327 out:1327 type:P dur:2 cpbdur:2 q:28.03 aq:20.41 tex:177605 mv:11787 misc:3744 imb:380 pmb:2150 smb:5630 d:s ref:0 ;
in:1328 out:1328 type:P dur:2 cpbdur:2 q:28.06 aq:20.45 tex:180627 mv:17373 misc:5328 imb:795 pmb:2418 smb:4947 d:s ref:0 ;
in:1329 out:1329 type:P dur:2 cpbdur:2 q:28.11 aq:20.41 tex:204053 mv:19849 misc:5106 imb:949 pmb:2690 smb:4521 d:s ref:0 ;
in:1331 out:1330 type:P dur:2 cpbdur:2 q:28.23 aq:19.27 tex:231880 mv:25984 misc:5752 imb:1652 pmb:2942 smb:3566 d:s ref:0 ;
in:1330 out:1331 type:b dur:2 cpbdur:2 q:28.71 aq:21.38 tex:18028 mv:7460 misc:3840 imb:135 pmb:1059 smb:6966 d:s ref:0 ;
in:1333 out:1332 type:P dur:2 cpbdur:2 q:28.41 aq:19.38 tex:204051 mv:19426 misc:5275 imb:862 pmb:2687 smb:4611 d:s ref:0 ;
in:1332 out:1333 type:b dur:2 cpbdur:2 q:28.66 aq:24.69 tex:13700 mv:5647 misc:3045 imb:56 pmb:784 smb:7320 d:s ref:0 ;
in:1337 out:1334 type:P dur:2 cpbdur:2 q:28.77 aq:20.08 tex:192770 mv:22694 misc:5320 imb:1334 pmb:2581 smb:4245 d:s ref:0 ;
in:1335 out:1335 type:B dur:2 cpbdur:2 q:29.21 aq:22.37 tex:18875 mv:10698 misc:4307 imb:182 pmb:1239 smb:6739 d:s ref:0 ;
in:1334 out:1336 type:b dur:2 cpbdur:2 q:29.64 aq:22.67 tex:10995 mv:4510 misc:2583 imb:61 pmb:587 smb:7512 d:s ref:0 ;
in:1336 out:1337 type:b dur:2 cpbdur:2 q:29.60 aq:23.05 tex:8274 mv:4754 misc:2988 imb:32 pmb:716 smb:7412 d:- ref:0 ;
in:1341 out:1338 type:P dur:2 cpbdur:2 q:28.86 aq:20.20 tex:140667 mv:23054 misc:5319 imb:1646 pmb:2458 smb:4056 d:s ref:0 ;
in:1339 out:1339 type:B dur:2 cpbdur:2 q:29.24 aq:21.96 tex:13760 mv:11139 misc:4341 imb:239 pmb:1196 smb:6725 d:s ref:0 ;
in:1338 out:1340 type:b dur:2 cpbdur:2 q:29.61 aq:23.32 tex:6531 mv:5279 misc:2998 imb:85 pmb:688 smb:7387 d:s ref:0 ;
in:1340 out:1341 type:b dur:2 cpbdur:2 q:29.61 aq:21.67 tex:4587 mv:4865 misc:3004 imb:107 pmb:683 smb:7370 d:- ref:0 ;
in:1345 out:1342 type:P dur:2 cpbdur:2 q:29.02 aq:21.39 tex:120391 mv:19899 misc:4878 imb:1110 pmb:2503 smb:4547 d:s ref:0 ;
in:1343 out:1343 type:B dur:2 cpbdur:2 q:29.24 aq:21.79 tex:7844 mv:6663 misc:3085 imb:113 pmb:679 smb:7368 d:s ref:0 ;
in:1342 out:1344 type:b dur:2 cpbdur:2 q:29.61 aq:22.36 tex:961 mv:1434 misc:1573 imb:15 pmb:292 smb:7853 d:s ref:0 ;
in:1344 out:1345 type:b dur:2 cpbdur:2 q:29.61 aq:21.77 tex:1642 mv:2019 misc:1571 imb:69 pmb:246 smb:7845 d:- ref:0 ;
in:1349 out:1346 type:P dur:2 cpbdur:2 q:29.40 aq:21.72 tex:134199 mv:27801 misc:4984 imb:1676 pmb:2737 smb:3747 d:s ref:0 ;
in:1347 out:1347 type:B dur:2 cpbdur:2 q:29.41 aq:25.40 tex:14827 mv:16536 misc:5229 imb:400 pmb:1472 smb:6288 d:s ref:0 ;
in:1346 out:1348 type:b dur:2 cpbdur:2 q:29.41 aq:22.66 tex:3870 mv:5148 misc:2846 imb:52 pmb:620 smb:7488 d:s ref:0 ;
in:1348 out:1349 type:b dur:2 cpbdur:2 q:29.41 aq:25.26 tex:5227 mv:8882 misc:3811 imb:153 pmb:889 smb:7118 d:- ref:0 ;
in:1353 out:1350 type:P dur:2 cpbdur:2 q:29.85 aq:22.43 tex:188758 mv:39912 misc:4082 imb:2048 pmb:3230 smb:2882 d:s ref:0 ;
in:1351 out:1351 type:B dur:2 cpbdur:2 q:29.85 aq:23.93 tex:18529 mv:31385 misc:6342 imb:647 pmb:2161 smb:5352 d:s ref:0 ;
in:1350 out:1352 type:b dur:2 cpbdur:2 q:29.85 aq:25.78 tex:8113 mv:16505 misc:5094 imb:406 pmb:1363 smb:6391 d:s ref:0 ;
in:1352 out:1353 type:b dur:2 cpbdur:2 q:29.85 aq:24.66 tex:8256 mv:19074 misc:5270 imb:372 pmb:1516 smb:6272 d:- ref:0 ;
in:1355 out:1354 type:P dur:2 cpbdur:2 q:29.94 aq:22.42 tex:193715 mv:36604 misc:4097 imb:1548 pmb:3396 smb:3216 d:s ref:0 ;
in:1354 out:1355 type:b dur:2 cpbdur:2 q:29.96 aq:24.60 tex:8834 mv:22536 misc:5534 imb:428 pmb:1600 smb:6132 d:s ref:0 ;
in:1356 out:1356 type:P dur:2 cpbdur:2 q:30.12 aq:22.72 tex:178685 mv:33380 misc:4767 imb:1569 pmb:3365 smb:3226 d:s ref:0 ;
in:1359 out:1357 type:P dur:2 cpbdur:2 q:31.60 aq:24.02 tex:354537 mv:44813 misc:3258 imb:3150 pmb:2904 smb:2106 d:s ref:0 ;
in:1357 out:1358 type:B dur:2 cpbdur:2 q:31.95 aq:25.25 tex:17415 mv:29154 misc:5983 imb:511 pmb:2138 smb:5511 d:s ref:0 ;
in:1358 out:1359 type:b dur:2 cpbdur:2 q:32.27 aq:27.08 tex:9350 mv:20660 misc:5214 imb:339 pmb:1694 smb:6127 d:- ref:0 ;
in:1363 out:1360 type:P dur:2 cpbdur:2 q:31.60 aq:23.41 tex:253826 mv:42023 misc:4519 imb:2009 pmb:3755 smb:2396 d:s ref:0 ;
in:1361 out:1361 type:B dur:2 cpbdur:2 q:32.43 aq:25.85 tex:13461 mv:26353 misc:6226 imb:487 pmb:2189 smb:5484 d:s ref:0 ;
in:1360 out:1362 type:b dur:2 cpbdur:2 q:32.78 aq:27.08 tex:5016 mv:15041 misc:5047 imb:244 pmb:1353 smb:6563 d:s ref:0 ;
in:1362 out:1363 type:b dur:2 cpbdur:2 q:32.78 aq:28.10 tex:3893 mv:11021 misc:3926 imb:214 pmb:954 smb:6992 d:- ref:0 ;
in:1367 out:1364 type:P dur:2 cpbdur:2 q:31.25 aq:22.53 tex:185394 mv:35655 misc:5023 imb:2014 pmb:3648 smb:2498 d:s ref:0 ;
in:1365 out:1365 type:B dur:2 cpbdur:2 q:32.04 aq:28.86 tex:8927 mv:13618 misc:4767 imb:260 pmb:1421 smb:6479 d:s ref:0 ;
in:1364 out:1366 type:b dur:2 cpbdur:2 q:32.45 aq:32.73 tex:3481 mv:8371 misc:3324 imb:220 pmb:791 smb:7149 d:s ref:0 ;
in:1366 out:1367 type:b dur:2 cpbdur:2 q:32.45 aq:27.89 tex:1835 mv:2905 misc:1596 imb:86 pmb:282 smb:7792 d:- ref:0 ;
in:1371 out:1368 type:P dur:2 cpbdur:2 q:30.80 aq:22.95 tex:149199 mv:22761 misc:6000 imb:874 pmb:3205 smb:4081 d:s ref:0 ;
in:1369 out:1369 type:B dur:2 cpbdur:2 q:31.66 aq:27.36 tex:5353 mv:6103 misc:2640 imb:21 pmb:585 smb:7554 d:t ref:0 ;
in:1368 out:1370 type:b dur:2 cpbdur:2 q:32.03 aq:27.08 tex:1623 mv:1252 misc:981 imb:4 pmb:137 smb:8019 d:s ref:0 ;
in:1370 out:1371 type:b dur:2 cpbdur:2 q:32.03 aq:26.57 tex:1803 mv:1522 misc:1011 imb:8 pmb:153 smb:7999 d:- ref:0 ;
in:1375 out:1372 type:P dur:2 cpbdur:2 q:30.50 aq:22.85 tex:133416 mv:18893 misc:5715 imb:604 pmb:2908 smb:4648 d:s ref:0 ;
in:1373 out:1373 type:B dur:2 cpbdur:2 q:31.25 aq:28.78 tex:8369 mv:6138 misc:2797 imb:22 pmb:683 smb:7455 d:t ref:0 ;
in:1372 out:1374 type:b dur:2 cpbdur:2 q:31.62 aq:29.15 tex:1488 mv:1149 misc:779 imb:4 pmb:106 smb:8050 d:s ref:0 ;
in:1374 out:1375 type:b dur:2 cpbdur:2 q:31.62 aq:28.18 tex:1617 mv:1222 misc:785 imb:8 pmb:100 smb:8052 d:- ref:0 ;
in:1379 out:1376 type:P dur:2 cpbdur:2 q:29.92 aq:22.28 tex:158892 mv:19423 misc:5669 imb:571 pmb:3057 smb:4532 d:s ref:0 ;
in:1377 out:1377 type:B dur:2 cpbdur:2 q:30.96 aq:26.26 tex:6446 mv:5765 misc:2685 imb:25 pmb:626 smb:7509 d:t ref:0 ;
in:1376 out:1378 type:b dur:2 cpbdur:2 q:31.31 aq:25.09 tex:2290 mv:1819 misc:1083 imb:8 pmb:174 smb:7978 d:s ref:0 ;
in:1378 out:1379 type:b dur:2 cpbdur:2 q:31.31 aq:26.22 tex:2245 mv:1785 misc:1098 imb:5 pmb:178 smb:7977 d:- ref:0 ;
in:1383 out:1380 type:P dur:2 cpbdur:2 q:29.44 aq:21.68 tex:150134 mv:19540 misc:5774 imb:567 pmb:3132 smb:4461 d:s ref:0 ;
in:1381 out:1381 type:B dur:2 cpbdur:2 q:30.33 aq:25.07 tex:8994 mv:6404 misc:2618 imb:27 pmb:690 smb:7443 d:s ref:0 ;
in:1380 out:1382 type:b dur:2 cpbdur:2 q:30.69 aq:25.85 tex:3088 mv:1865 misc:1343 imb:6 pmb:260 smb:7894 d:s ref:0 ;
in:1382 out:1383 type:b dur:2 cpbdur:2 q:30.69 aq:26.07 tex:948 mv:1172 misc:968 imb:2 pmb:131 smb:8027 d:- ref:0 ;
in:1387 out:1384 type:P dur:2 cpbdur:2 q:28.77 aq:20.88 tex:152433 mv:18977 misc:5926 imb:570 pmb:3125 smb:4465 d:s ref:0 ;
in:1385 out:1385 type:B dur:2 cpbdur:2 q:29.80 aq:24.48 tex:5553 mv:5598 misc:2721 imb:61 pmb:638 smb:7461 d:s ref:0 ;
in:1384 out:1386 type:b dur:2 cpbdur:2 q:30.15 aq:24.93 tex:1028 mv:936 misc:1028 imb:11 pmb:118 smb:8031 d:s ref:0 ;
in:1386 out:1387 type:b dur:2 cpbdur:2 q:30.15 aq:23.18 tex:497 mv:616 misc:879 imb:0 pmb:112 smb:8048 d:- ref:0 ;
in:1391 out:1388 type:P dur:2 cpbdur:2 q:28.56 aq:20.75 tex:138861 mv:20387 misc:5944 imb:625 pmb:3094 smb:4441 d:s ref:0 ;
in:1389 out:1389 type:B dur:2 cpbdur:2 q:28.99 aq:24.73 tex:7453 mv:6972 misc:3199 imb:49 pmb:747 smb:7364 d:t ref:0 ;
in:1388 out:1390 type:b dur:2 cpbdur:2 q:29.16 aq:23.03 tex:1474 mv:1173 misc:1233 imb:12 pmb:161 smb:7987 d:s ref:0 ;
in:1390 out:1391 type:b dur:2 cpbdur:2 q:29.16 aq:22.73 tex:1914 mv:1534 misc:1552 imb:16 pmb:282 smb:7862 d:- ref:0 ;
in:1395 out:1392 type:P dur:2 cpbdur:2 q:28.47 aq:21.25 tex:134854 mv:18560 misc:5682 imb:471 pmb:2917 smb:4772 d:s ref:0 ;
in:1393 out:1393 type:B dur:2 cpbdur:2 q:28.82 aq:25.31 tex:10532 mv:6106 misc:3242 imb:25 pmb:790 smb:7345 d:s ref:0 ;
in:1392 out:1394 type:b dur:2 cpbdur:2 q:29.14 aq:24.42 tex:685 mv:1004 misc:1167 imb:0 pmb:179 smb:7981 d:s ref:0 ;
in:1394 out:1395 type:b dur:2 cpbdur:2 q:29.14 aq:25.04 tex:3629 mv:1920 misc:1179 imb:3 pmb:196 smb:7961 d:- ref:0 ;
in:1399 out:1396 type:P dur:2 cpbdur:2 q:28.32 aq:21.51 tex:111841 mv:16162 misc:5269 imb:402 pmb:2637 smb:5121 d:s ref:0 ;
in:1397 out:1397 type:B dur:2 cpbdur:2 q:28.66 aq:24.86 tex:13776 mv:7598 misc:3538 imb:25 pmb:945 smb:7190 d:s ref:0 ;
in:1396 out:1398 type:b dur:2 cpbdur:2 q:28.66 aq:26.09 tex:3024 mv:1446 misc:1274 imb:6 pmb:224 smb:7930 d:s ref:0 ;
in:1398 out:1399 type:b dur:2 cpbdur:2 q:28.66 aq:24.33 tex:3176 mv:1323 misc:1261 imb:4 pmb:212 smb:7944 d:- ref:0 ;
in:1401 out:1400 type:P dur:2 cpbdur:2 q:29.13 aq:21.31 tex:237215 mv:24487 misc:4242 imb:1271 pmb:2535 smb:4354 d:s ref:0 ;
in:1400 out:1401 type:b dur:2 cpbdur:2 q:29.40 aq:25.80 tex:13687 mv:13930 misc:2615 imb:109 pmb:1167 smb:6884 d:s ref:0 ;
in:1405 out:1402 type:P dur:2 cpbdur:2 q:30.07 aq:22.00 tex:238253 mv:29605 misc:3926 imb:1243 pmb:2804 smb:4113 d:s ref:0 ;
in:1403 out:1403 type:B dur:2 cpbdur:2 q:30.39 aq:26.51 tex:16892 mv:22022 misc:3822 imb:190 pmb:1640 smb:6330 d:s ref:0 ;
in:1402 out:1404 type:b dur:2 cpbdur:2 q:30.81 aq:28.84 tex:8645 mv:15159 misc:2908 imb:103 pmb:1063 smb:6994 d:s ref:0 ;
in:1404 out:1405 type:b dur:2 cpbdur:2 q:30.68 aq:27.99 tex:5428 mv:9052 misc:2808 imb:109 pmb:809 smb:7242 d:- ref:0 ;
in:1409 out:1406 type:P dur:2 cpbdur:2 q:29.64 aq:20.98 tex:159048 mv:24389 misc:4275 imb:549 pmb:3296 smb:4315 d:s ref:0 ;
in:1407 out:1407 type:B dur:2 cpbdur:2 q:30.47 aq:26.87 tex:27700 mv:19926 misc:4374 imb:262 pmb:1891 smb:6007 d:s ref:0 ;
in:1406 out:1408 type:b dur:2 cpbdur:2 q:30.74 aq:26.88 tex:6366 mv:14064 misc:3122 imb:75 pmb:1013 smb:7072 d:s ref:0 ;
in:1408 out:1409 type:b dur:2 cpbdur:2 q:30.74 aq:27.45 tex:4615 mv:10810 misc:2831 imb:41 pmb:820 smb:7299 d:- ref:0 ;
in:1413 out:1410 type:P dur:2 cpbdur:2 q:29.58 aq:21.56 tex:158934 mv:24902 misc:4332 imb:659 pmb:3184 smb:4317 d:s ref:0 ;
in:1411 out:1411 type:B dur:2 cpbdur:2 q:29.93 aq:24.93 tex:8530 mv:12362 misc:3980 imb:80 pmb:1091 smb:6989 d:s ref:0 ;
in:1410 out:1412 type:b dur:2 cpbdur:2 q:30.21 aq:26.24 tex:3994 mv:6630 misc:2664 imb:36 pmb:633 smb:7491 d:s ref:0 ;
in:1412 out:1413 type:b dur:2 cpbdur:2 q:30.21 aq:29.80 tex:1221 mv:4428 misc:2103 imb:8 pmb:484 smb:7668 d:- ref:0 ;
in:1417 out:1414 type:P dur:2 cpbdur:2 q:29.22 aq:21.41 tex:98770 mv:14068 misc:5434 imb:402 pmb:2702 smb:5056 d:s ref:0 ;
in:1415 out:1415 type:B dur:2 cpbdur:2 q:29.88 aq:23.59 tex:4024 mv:3141 misc:1971 imb:11 pmb:433 smb:7716 d:t ref:0 ;
in:1414 out:1416 type:b dur:2 cpbdur:2 q:30.08 aq:22.29 tex:610 mv:361 misc:749 imb:4 pmb:62 smb:8094 d:s ref:0 ;
in:1416 out:1417 type:b dur:2 cpbdur:2 q:30.04 aq:23.83 tex:502 mv:291 misc:791 imb:1 pmb:87 smb:8072 d:- ref:0 ;
in:1421 out:1418 type:P dur:2 cpbdur:2 q:28.81 aq:20.68 tex:91818 mv:13460 misc:5314 imb:534 pmb:2300 smb:5326 d:s ref:0 ;
in:1419 out:1419 type:B dur:2 cpbdur:2 q:29.43 aq:23.10 tex:4527 mv:3374 misc:1835 imb:60 pmb:368 smb:7732 d:t ref:0 ;
in:1418 out:1420 type:b dur:2 cpbdur:2 q:29.72 aq:21.83 tex:538 mv:481 misc:789 imb:13 pmb:64 smb:8083 d:s ref:0 ;
in:1420 out:1421 type:b dur:2 cpbdur:2 q:29.61 aq:22.81 tex:1029 mv:903 misc:1076 imb:16 pmb:159 smb:7985 d:- ref:0 ;
in:1425 out:1422 type:P dur:2 cpbdur:2 q:29.05 aq:21.74 tex:116313 mv:16571 misc:5220 imb:370 pmb:2601 smb:5189 d:s ref:0 ;
in:1423 out:1423 type:B dur:2 cpbdur:2 q:29.23 aq:23.59 tex:5539 mv:3891 misc:2602 imb:9 pmb:623 smb:7528 d:s ref:0 ;
in:1422 out:1424 type:b dur:2 cpbdur:2 q:29.37 aq:23.22 tex:637 mv:804 misc:1023 imb:0 pmb:131 smb:8029 d:s ref:0 ;
in:1424 out:1425 type:b dur:2 cpbdur:2 q:29.37 aq:25.75 tex:2702 mv:2992 misc:1626 imb:8 pmb:369 smb:7783 d:- ref:0 ;
in:1429 out:1426 type:P dur:2 cpbdur:2 q:29.30 aq:22.12 tex:114028 mv:16069 misc:5375 imb:648 pmb:2357 smb:5155 d:s ref:0 ;
in:1427 out:1427 type:B dur:2 cpbdur:2 q:29.55 aq:23.98 tex:9878 mv:8930 misc:3408 imb:78 pmb:882 smb:7200 d:s ref:0 ;
in:1426 out:1428 type:b dur:2 cpbdur:2 q:29.55 aq:26.80 tex:3722 mv:3745 misc:1949 imb:13 pmb:417 smb:7730 d:s ref:0 ;
in:1428 out:1429 type:b dur:2 cpbdur:2 q:29.55 aq:24.49 tex:4375 mv:4605 misc:2084 imb:22 pmb:464 smb:7674 d:- ref:0 ;
in:1433 out:1430 type:P dur:2 cpbdur:2 q:28.91 aq:21.04 tex:152798 mv:19981 misc:5581 imb:942 pmb:2763 smb:4455 d:s ref:0 ;
in:1431 out:1431 type:B dur:2 cpbdur:2 q:29.86 aq:24.62 tex:13368 mv:8986 misc:3542 imb:97 pmb:940 smb:7123 d:s ref:0 ;
in:1430 out:1432 type:b dur:2 cpbdur:2 q:30.01 aq:26.15 tex:5585 mv:3883 misc:1924 imb:34 pmb:390 smb:7736 d:s ref:0 ;
in:1432 out:1433 type:b dur:2 cpbdur:2 q:29.98 aq:27.63 tex:5773 mv:4477 misc:1366 imb:25 pmb:319 smb:7816 d:- ref:0 ;
in:1437 out:1434 type:P dur:2 cpbdur:2 q:29.30 aq:21.12 tex:178359 mv:19637 misc:5076 imb:917 pmb:2451 smb:4792 d:s ref:0 ;
in:1435 out:1435 type:B dur:2 cpbdur:2 q:29.74 aq:24.55 tex:17864 mv:10308 misc:3284 imb:155 pmb:937 smb:7068 d:s ref:0 ;
in:1434 out:1436 type:b dur:2 cpbdur:2 q:30.06 aq:24.69 tex:6874 mv:4831 misc:1551 imb:61 pmb:342 smb:7757 d:s ref:0 ;
in:1436 out:1437 type:b dur:2 cpbdur:2 q:30.06 aq:23.65 tex:7434 mv:5473 misc:1933 imb:59 pmb:470 smb:7631 d:- ref:0 ;
in:1441 out:1438 type:P dur:2 cpbdur:2 q:29.14 aq:20.96 tex:147874 mv:19150 misc:5512 imb:751 pmb:2674 smb:4735 d:s ref:0 ;
in:1439 out:1439 type:B dur:2 cpbdur:2 q:29.94 aq:24.40 tex:15152 mv:10119 misc:3185 imb:137 pmb:857 smb:7166 d:s ref:0 ;
in:1438 out:1440 type:b dur:2 cpbdur:2 q:30.27 aq:25.85 tex:6043 mv:4927 misc:1726 imb:33 pmb:407 smb:7720 d:s ref:0 ;
in:1440 out:1441 type:b dur:2 cpbdur:2 q:30.26 aq:25.25 tex:5221 mv:4881 misc:2050 imb:58 pmb:440 smb:7662 d:- ref:0 ;
in:1445 out:1442 type:P dur:2 cpbdur:2 q:29.36 aq:21.31 tex:136121 mv:18012 misc:5299 imb:584 pmb:2680 smb:4896 d:s ref:0 ;
in:1443 out:1443 type:B dur:2 cpbdur:2 q:29.53 aq:24.69 tex:13265 mv:7732 misc:2883 imb:50 pmb:787 smb:7323 d:s ref:0 ;
in:1442 out:1444 type:b dur:2 cpbdur:2 q:29.84 aq:24.74 tex:4950 mv:4577 misc:1793 imb:30 pmb:415 smb:7715 d:s ref:0 ;
in:1444 out:1445 type:b dur:2 cpbdur:2 q:29.84 aq:26.73 tex:4338 mv:4034 misc:1740 imb:17 pmb:381 smb:7762 d:- ref:0 ;
in:1449 out:1446 type:P dur:2 cpbdur:2 q:29.27 aq:21.89 tex:117660 mv:17680 misc:5628 imb:517 pmb:2669 smb:4974 d:s ref:0 ;
in:1447 out:1447 type:B dur:2 cpbdur:2 q:29.71 aq:23.10 tex:7016 mv:5542 misc:2898 imb:35 pmb:716 smb:7409 d:s ref:0 ;
in:1446 out:1448 type:b dur:2 cpbdur:2 q:30.05 aq:27.50 tex:4444 mv:3291 misc:1697 imb:14 pmb:374 smb:7772 d:s ref:0 ;
in:1448 out:1449 type:b dur:2 cpbdur:2 q:30.05 aq:27.34 tex:2446 mv:2479 misc:1891 imb:3 pmb:356 smb:7801 d:- ref:0 ;
in:1451 out:1450 type:P dur:2 cpbdur:2 q:27.92 aq:22.44 tex:26532 mv:11507 misc:4617 imb:472 pmb:1310 smb:6378 d:s ref:0 ;
in:1450 out:1451 type:b dur:2 cpbdur:2 q:29.65 aq:25.83 tex:2641 mv:3176 misc:2103 imb:10 pmb:409 smb:7741 d:s ref:0 ;
in:1452 out:1452 type:I dur:2 cpbdur:2 q:25.16 aq:15.96 tex:1235772 mv:173110 misc:406 imb:8160 pmb:0 smb:0 d:s ref:;
in:1456 out:1453 type:P dur:2 cpbdur:2 q:28.54 aq:20.79 tex:121798 mv:17695 misc:5451 imb:684 pmb:2349 smb:5127 d:s ref:0 ;
in:1454 out:1454 type:B dur:2 cpbdur:2 q:29.01 aq:23.27 tex:9935 mv:7458 misc:2919 imb:76 pmb:677 smb:7407 d:s ref:0 ;
in:1453 out:1455 type:b dur:2 cpbdur:2 q:29.43 aq:24.97 tex:3543 mv:3026 misc:1471 imb:24 pmb:306 smb:7830 d:s ref:0 ;
in:1455 out:1456 type:b dur:2 cpbdur:2 q:29.42 aq:24.17 tex:4107 mv:4307 misc:1722 imb:33 pmb:378 smb:7749 d:- ref:0 ;
in:1460 out:1457 type:P dur:2 cpbdur:2 q:29.36 aq:21.44 tex:119467 mv:17831 misc:5182 imb:818 pmb:2063 smb:5279 d:s ref:0 ;
in:1458 out:1458 type:B dur:2 cpbdur:2 q:29.74 aq:23.75 tex:11102 mv:8407 misc:2731 imb:135 pmb:686 smb:7339 d:s ref:0 ;
in:1457 out:1459 type:b dur:2 cpbdur:2 q:30.26 aq:26.27 tex:3193 mv:3810 misc:1493 imb:39 pmb:309 smb:7812 d:s ref:0 ;
in:1459 out:1460 type:b dur:2 cpbdur:2 q:30.13 aq:24.42 tex:5326 mv:4737 misc:1633 imb:51 pmb:367 smb:7742 d:- ref:0 ;
in:1464 out:1461 type:P dur:2 cpbdur:2 q:29.54 aq:21.79 tex:142385 mv:18913 misc:4966 imb:824 pmb:2263 smb:5073 d:s ref:0 ;
in:1462 out:1462 type:B dur:2 cpbdur:2 q:30.18 aq:25.61 tex:14864 mv:11159 misc:3401 imb:140 pmb:985 smb:7035 d:s ref:0 ;
in:1461 out:1463 type:b dur:2 cpbdur:2 q:30.73 aq:29.04 tex:4281 mv:4707 misc:1820 imb:52 pmb:415 smb:7693 d:s ref:0 ;
in:1463 out:1464 type:b dur:2 cpbdur:2 q:30.57 aq:26.98 tex:4245 mv:5215 misc:1724 imb:40 pmb:408 smb:7712 d:- ref:0 ;
in:1468 out:1465 type:P dur:2 cpbdur:2 q:29.29 aq:21.14 tex:150605 mv:20619 misc:5360 imb:794 pmb:2661 smb:4705 d:s ref:0 ;
in:1466 out:1466 type:B dur:2 cpbdur:2 q:29.86 aq:24.27 tex:9764 mv:9107 misc:3017 imb:92 pmb:845 smb:7223 d:s ref:0 ;
in:1465 out:1467 type:b dur:2 cpbdur:2 q:30.24 aq:25.99 tex:6313 mv:4879 misc:2072 imb:48 pmb:473 smb:7639 d:s ref:0 ;
in:1467 out:1468 type:b dur:2 cpbdur:2 q:30.23 aq:26.10 tex:5818 mv:4457 misc:2029 imb:30 pmb:463 smb:7667 d:- ref:0 ;
in:1472 out:1469 type:P dur:2 cpbdur:2 q:29.34 aq:21.22 tex:119857 mv:19087 misc:5704 imb:677 pmb:2627 smb:4856 d:s ref:0 ;
in:1470 out:1470 type:B dur:2 cpbdur:2 q:29.66 aq:25.34 tex:8052 mv:7292 misc:3040 imb:41 pmb:779 smb:7340 d:s ref:0 ;
in:1469 out:1471 type:b dur:2 cpbdur:2 q:29.96 aq:28.79 tex:4108 mv:4160 misc:1828 imb:19 pmb:395 smb:7746 d:s ref:0 ;
in:1471 out:1472 type:b dur:2 cpbdur:2 q:29.94 aq:27.68 tex:1416 mv:2567 misc:1601 imb:4 pmb:292 smb:7864 d:- ref:0 ;
in:1476 out:1473 type:P dur:2 cpbdur:2 q:29.14 aq:20.56 tex:102785 mv:16632 misc:5319 imb:470 pmb:2509 smb:5181 d:s ref:0 ;
in:1474 out:1474 type:B dur:2 cpbdur:2 q:29.64 aq:23.24 tex:3378 mv:3597 misc:2505 imb:31 pmb:509 smb:7620 d:s ref:0 ;
in:1473 out:1475 type:b dur:2 cpbdur:2 q:30.00 aq:23.25 tex:790 mv:1333 misc:1309 imb:4 pmb:194 smb:7962 d:s ref:0 ;
in:1475 out:1476 type:b dur:2 cpbdur:2 q:29.90 aq:21.33 tex:911 mv:1047 misc:1058 imb:13 pmb:150 smb:7997 d:- ref:0 ;
in:1480 out:1477 type:P dur:2 cpbdur:2 q:28.85 aq:20.21 tex:78372 mv:11224 misc:4788 imb:363 pmb:1966 smb:5831 d:s ref:0 ;
in:1478 out:1478 type:B dur:2 cpbdur:2 q:29.47 aq:23.70 tex:2845 mv:2742 misc:1781 imb:19 pmb:333 smb:7808 d:s ref:0 ;
in:1477 out:1479 type:b dur:2 cpbdur:2 q:29.63 aq:21.35 tex:319 mv:560 misc:801 imb:3 pmb:91 smb:8066 d:s ref:0 ;
in:1479 out:1480 type:b dur:2 cpbdur:2 q:29.63 aq:26.39 tex:561 mv:499 misc:732 imb:6 pmb:63 smb:8091 d:- ref:0 ;
in:1484 out:1481 type:P dur:2 cpbdur:2 q:28.65 aq:20.40 tex:81736 mv:10908 misc:4620 imb:358 pmb:1844 smb:5958 d:s ref:0 ;
in:1482 out:1482 type:B dur:2 cpbdur:2 q:29.18 aq:22.19 tex:5161 mv:4823 misc:2352 imb:27 pmb:551 smb:7582 d:s ref:0 ;
in:1481 out:1483 type:b dur:2 cpbdur:2 q:29.29 aq:24.33 tex:885 mv:539 misc:936 imb:0 pmb:118 smb:8042 d:s ref:0 ;
in:1483 out:1484 type:b dur:2 cpbdur:2 q:29.29 aq:21.89 tex:1076 mv:740 misc:896 imb:5 pmb:100 smb:8055 d:- ref:0 ;
in:1488 out:1485 type:P dur:2 cpbdur:2 q:29.88 aq:22.51 tex:114315 mv:20892 misc:4953 imb:1008 pmb:2236 smb:4916 d:s ref:0 ;
in:1486 out:1486 type:B dur:2 cpbdur:2 q:30.35 aq:25.17 tex:4487 mv:5267 misc:3046 imb:23 pmb:768 smb:7369 d:s ref:0 ;
in:1485 out:1487 type:b dur:2 cpbdur:2 q:30.75 aq:24.16 tex:1392 mv:1456 misc:1192 imb:8 pmb:173 smb:7979 d:s ref:0 ;
in:1487 out:1488 type:b dur:2 cpbdur:2 q:30.76 aq:27.85 tex:13893 mv:10133 misc:2526 imb:176 pmb:725 smb:7259 d:- ref:0 ;
in:1492 out:1489 type:P dur:2 cpbdur:2 q:30.81 aq:22.95 tex:202125 mv:25580 misc:4735 imb:1639 pmb:1929 smb:4592 d:s ref:0 ;
in:1490 out:1490 type:B dur:2 cpbdur:2 q:31.46 aq:26.86 tex:29788 mv:15911 misc:3765 imb:362 pmb:1339 smb:6459 d:s ref:0 ;
in:1489 out:1491 type:b dur:2 cpbdur:2 q:32.01 aq:27.47 tex:11633 mv:9680 misc:2359 imb:239 pmb:728 smb:7193 d:s ref:0 ;
in:1491 out:1492 type:b dur:2 cpbdur:2 q:31.86 aq:28.56 tex:12805 mv:9383 misc:2500 imb:210 pmb:752 smb:7198 d:- ref:0 ;
in:1496 out:1493 type:P dur:2 cpbdur:2 q:30.70 aq:22.40 tex:158394 mv:24129 misc:4357 imb:1226 pmb:2192 smb:4742 d:s ref:0 ;
in:1494 out:1494 type:B dur:2 cpbdur:2 q:31.16 aq:26.70 tex:13947 mv:11993 misc:3300 imb:178 pmb:993 smb:6989 d:s ref:0 ;
in:1493 out:1495 type:b dur:2 cpbdur:2 q:31.46 aq:27.97 tex:8892 mv:7957 misc:2303 imb:110 pmb:631 smb:7419 d:s ref:0 ;
in:1495 out:1496 type:b dur:2 cpbdur:2 q:31.46 aq:27.37 tex:6753 mv:5460 misc:1987 imb:45 pmb:529 smb:7586 d:- ref:0 ;
in:1500 out:1497 type:P dur:2 cpbdur:2 q:30.27 aq:22.77 tex:123762 mv:19516 misc:4874 imb:618 pmb:2671 smb:4871 d:s ref:0 ;
in:1498 out:1498 type:B dur:2 cpbdur:2 q:30.91 aq:25.65 tex:4967 mv:5770 misc:2479 imb:32 pmb:620 smb:7508 d:s ref:0 ;
in:1497 out:1499 type:b dur:2 cpbdur:2 q:31.23 aq:26.82 tex:3169 mv:4315 misc:1740 imb:18 pmb:422 smb:7720 d:s ref:0 ;
in:1499 out:1500 type:b dur:2 cpbdur:2 q:31.23 aq:28.29 tex:940 mv:1591 misc:1141 imb:2 pmb:178 smb:7980 d:- ref:0 ;
in:1504 out:1501 type:P dur:2 cpbdur:2 q:29.64 aq:22.04 tex:110353 mv:17395 misc:4972 imb:532 pmb:2642 smb:4986 d:s ref:0 ;
in:1502 out:1502 type:B dur:2 cpbdur:2 q:30.70 aq:27.13 tex:3683 mv:4298 misc:2275 imb:14 pmb:482 smb:7664 d:s ref:0 ;
in:1501 out:1503 type:b dur:2 cpbdur:2 q:31.04 aq:25.78 tex:330 mv:671 misc:911 imb:2 pmb:113 smb:8045 d:s ref:0 ;
in:1503 out:1504 type:b dur:2 cpbdur:2 q:31.04 aq:28.01 tex:721 mv:1192 misc:1095 imb:3 pmb:150 smb:8007 d:- ref:0 ;
in:1508 out:1505 type:P dur:2 cpbdur:2 q:29.81 aq:22.54 tex:88641 mv:15297 misc:5318 imb:446 pmb:2393 smb:5321 d:s ref:0 ;
in:1506 out:1506 type:B dur:2 cpbdur:2 q:30.04 aq:25.93 tex:5914 mv:5538 misc:2836 imb:37 pmb:656 smb:7467 d:t ref:0 ;
in:1505 out:1507 type:b dur:2 cpbdur:2 q:30.07 aq:24.43 tex:1516 mv:1386 misc:1346 imb:10 pmb:206 smb:7944 d:s ref:0 ;
in:1507 out:1508 type:b dur:2 cpbdur:2 q:30.07 aq:28.44 tex:1455 mv:802 misc:1183 imb:2 pmb:161 smb:7997 d:- ref:0 ;
in:1512 out:1509 type:P dur:2 cpbdur:2 q:29.57 aq:22.41 tex:88436 mv:15396 misc:4968 imb:477 pmb:2418 smb:5265 d:s ref:0 ;
in:1510 out:1510 type:B dur:2 cpbdur:2 q:30.07 aq:26.43 tex:5370 mv:5159 misc:2807 imb:17 pmb:646 smb:7497 d:s ref:0 ;
in:1509 out:1511 type:b dur:2 cpbdur:2 q:30.19 aq:22.76 tex:798 mv:387 misc:799 imb:4 pmb:76 smb:8080 d:s ref:0 ;
in:1511 out:1512 type:b dur:2 cpbdur:2 q:30.15 aq:28.71 tex:1078 mv:861 misc:1109 imb:2 pmb:141 smb:8017 d:- ref:0 ;
in:1516 out:1513 type:P dur:2 cpbdur:2 q:29.92 aq:23.47 tex:91036 mv:19694 misc:5126 imb:1049 pmb:2386 smb:4725 d:s ref:0 ;
in:1514 out:1514 type:B dur:2 cpbdur:2 q:30.41 aq:26.85 tex:6789 mv:6706 misc:2945 imb:126 pmb:664 smb:7370 d:s ref:0 ;
in:1513 out:1515 type:b dur:2 cpbdur:2 q:30.45 aq:22.80 tex:1751 mv:1129 misc:1192 imb:43 pmb:164 smb:7953 d:s ref:0 ;
in:1515 out:1516 type:b dur:2 cpbdur:2 q:30.45 aq:24.50 tex:3748 mv:4267 misc:1865 imb:159 pmb:357 smb:7644 d:- ref:0 ;
in:1520 out:1517 type:P dur:2 cpbdur:2 q:31.18 aq:25.19 tex:175872 mv:22593 misc:4783 imb:1737 pmb:1622 smb:4801 d:s ref:0 ;
in:1518 out:1518 type:B dur:2 cpbdur:2 q:31.46 aq:28.15 tex:20120 mv:9015 misc:2913 imb:274 pmb:841 smb:7045 d:s ref:0 ;
in:1517 out:1519 type:b dur:2 cpbdur:2 q:31.96 aq:27.79 tex:9429 mv:5998 misc:1957 imb:194 pmb:529 smb:7437 d:s ref:0 ;
in:1519 out:1520 type:b dur:2 cpbdur:2 q:31.88 aq:28.91 tex:8159 mv:3743 misc:1426 imb:158 pmb:316 smb:7686 d:- ref:0 ;
in:1524 out:1521 type:P dur:2 cpbdur:2 q:30.02 aq:24.95 tex:107734 mv:25842 misc:5616 imb:1254 pmb:2814 smb:4092 d:s ref:0 ;
in:1522 out:1522 type:B dur:2 cpbdur:2 q:31.53 aq:26.48 tex:16324 mv:11065 misc:3939 imb:279 pmb:1176 smb:6705 d:s ref:0 ;
in:1521 out:1523 type:b dur:2 cpbdur:2 q:31.95 aq:27.74 tex:1915 mv:2093 misc:1528 imb:69 pmb:264 smb:7827 d:s ref:0 ;
in:1523 out:1524 type:b dur:2 cpbdur:2 q:31.95 aq:30.55 tex:2003 mv:4513 misc:2052 imb:257 pmb:327 smb:7576 d:- ref:0 ;
in:1528 out:1525 type:P dur:2 cpbdur:2 q:29.98 aq:24.07 tex:148767 mv:34273 misc:5624 imb:2063 pmb:3078 smb:3019 d:s ref:0 ;
in:1526 out:1526 type:B dur:2 cpbdur:2 q:30.80 aq:26.93 tex:22357 mv:20550 misc:5885 imb:484 pmb:1785 smb:5891 d:s ref:0 ;
in:1525 out:1527 type:b dur:2 cpbdur:2 q:31.27 aq:27.17 tex:7423 mv:11476 misc:4205 imb:289 pmb:1190 smb:6681 d:s ref:0 ;
in:1527 out:1528 type:b dur:2 cpbdur:2 q:31.27 aq:28.53 tex:5642 mv:11219 misc:4395 imb:266 pmb:1057 smb:6837 d:- ref:0 ;
in:1532 out:1529 type:P dur:2 cpbdur:2 q:30.34 aq:25.11 tex:155718 mv:40202 misc:4344 imb:2227 pmb:3382 smb:2551 d:s ref:0 ;
in:1530 out:1530 type:B dur:2 cpbdur:2 q:30.60 aq:24.41 tex:21854 mv:31712 misc:6930 imb:587 pmb:2633 smb:4940 d:s ref:0 ;
in:1529 out:1531 type:b dur:2 cpbdur:2 q:31.05 aq:24.49 tex:7261 mv:16285 misc:5198 imb:367 pmb:1499 smb:6294 d:s ref:0 ;
in:1531 out:1532 type:b dur:2 cpbdur:2 q:31.05 aq:24.18 tex:7525 mv:19731 misc:5736 imb:396 pmb:1681 smb:6083 d:- ref:0 ;
in:1534 out:1533 type:P dur:2 cpbdur:2 q:30.87 aq:24.92 tex:113273 mv:35800 misc:5207 imb:1681 pmb:3284 smb:3195 d:s ref:0 ;
in:1533 out:1534 type:b dur:2 cpbdur:2 q:31.31 aq:26.10 tex:7495 mv:19756 misc:5605 imb:336 pmb:1707 smb:6117 d:s ref:0 ;
in:1535 out:1535 type:P dur:2 cpbdur:2 q:30.67 aq:25.31 tex:96995 mv:29656 misc:5901 imb:1486 pmb:3024 smb:3650 d:s ref:0 ;
in:1536 out:1536 type:P dur:2 cpbdur:2 q:30.24 aq:25.03 tex:97247 mv:30964 misc:5749 imb:1649 pmb:3064 smb:3447 d:s ref:0 ;
in:1537 out:1537 type:P dur:2 cpbdur:2 q:29.87 aq:23.52 tex:90647 mv:26611 misc:5958 imb:1249 pmb:2947 smb:3964 d:s ref:0 ;
in:1538 out:1538 type:P dur:2 cpbdur:2 q:29.78 aq:23.71 tex:85529 mv:26875 misc:6060 imb:1277 pmb:2738 smb:4145 d:s ref:0 ;
in:1539 out:1539 type:P dur:2 cpbdur:2 q:29.86 aq:24.16 tex:74727 mv:26048 misc:5889 imb:1390 pmb:2620 smb:4150 d:s ref:0 ;
in:1540 out:1540 type:P dur:2 cpbdur:2 q:29.99 aq:24.37 tex:72756 mv:25361 misc:5995 imb:1570 pmb:2349 smb:4241 d:s ref:0 ;
in:1541 out:1541 type:P dur:2 cpbdur:2 q:29.53 aq:23.21 tex:85658 mv:25770 misc:5980 imb:1616 pmb:2456 smb:4088 d:s ref:0 ;
in:1542 out:1542 type:P dur:2 cpbdur:2 q:28.99 aq:22.68 tex:91618 mv:19897 misc:5493 imb:1064 pmb:2273 smb:4823 d:s ref:0 ;
in:1543 out:1543 type:P dur:2 cpbdur:2 q:28.67 aq:22.06 tex:93093 mv:24545 misc:5746 imb:1545 pmb:2444 smb:4171 d:s ref:0 ;
in:1544 out:1544 type:P dur:2 cpbdur:2 q:28.73 aq:23.38 tex:89129 mv:23086 misc:5761 imb:1512 pmb:2213 smb:4435 d:s ref:0 ;
in:1545 out:1545 type:P dur:2 cpbdur:2 q:28.52 aq:22.26 tex:83870 mv:21598 misc:6044 imb:1312 pmb:2265 smb:4583 d:s ref:0 ;
in:1546 out:1546 type:P dur:2 cpbdur:2 q:28.32 aq:22.08 tex:88346 mv:22080 misc:5694 imb:1367 pmb:2214 smb:4579 d:s ref:0 ;
in:1547 out:1547 type:P dur:2 cpbdur:2 q:28.13 aq:22.17 tex:87379 mv:14852 misc:5097 imb:933 pmb:1844 smb:5383 d:s ref:0 ;
in:1548 out:1548 type:P dur:2 cpbdur:2 q:28.47 aq:23.10 tex:98428 mv:17321 misc:5387 imb:1131 pmb:1992 smb:5037 d:s ref:0 ;
in:1549 out:1549 type:P dur:2 cpbdur:2 q:28.61 aq:21.91 tex:82232 mv:15867 misc:5453 imb:1048 pmb:1778 smb:5334 d:s ref:0 ;
in:1550 out:1550 type:P dur:2 cpbdur:2 q:28.42 aq:21.98 tex:84356 mv:18987 misc:6193 imb:1382 pmb:1998 smb:4780 d:s ref:0 ;
in:1551 out:1551 type:P dur:2 cpbdur:2 q:28.40 aq:21.16 tex:121835 mv:19579 misc:5418 imb:1297 pmb:1955 smb:4908 d:s ref:0 ;
in:1552 out:1552 type:P dur:2 cpbdur:2 q:30.27 aq:24.94 tex:163313 mv:10724 misc:3051 imb:847 pmb:1135 smb:6178 d:s ref:0 ;
in:1553 out:1553 type:P dur:2 cpbdur:2 q:36.60 aq:30.06 tex:165138 mv:19417 misc:2165 imb:2302 pmb:527 smb:5331 d:s ref:0 ;
in:1554 out:1554 type:P dur:2 cpbdur:2 q:37.59 aq:31.48 tex:141512 mv:20417 misc:2487 imb:2344 pmb:583 smb:5233 d:s ref:0 ;
in:1555 out:1555 type:P dur:2 cpbdur:2 q:37.71 aq:30.94 tex:142519 mv:20814 misc:2915 imb:2625 pmb:557 smb:4978 d:s ref:0 ;
in:1556 out:1556 type:P dur:2 cpbdur:2 q:37.82 aq:30.10 tex:129914 mv:20690 misc:3180 imb:2863 pmb:529 smb:4768 d:s ref:0 ;
in:1557 out:1557 type:P dur:2 cpbdur:2 q:36.48 aq:30.06 tex:139961 mv:20107 misc:2196 imb:2672 pmb:547 smb:4941 d:s ref:0 ;
in:1558 out:1558 type:P dur:2 cpbdur:2 q:34.29 aq:27.47 tex:212071 mv:24298 misc:3167 imb:3014 pmb:771 smb:4375 d:s ref:0 ;
in:1560 out:1559 type:P dur:2 cpbdur:2 q:33.99 aq:26.17 tex:208229 mv:25882 misc:3745 imb:3417 pmb:765 smb:3978 d:s ref:0 ;
in:1559 out:1560 type:b dur:2 cpbdur:2 q:35.31 aq:31.82 tex:19534 mv:6248 misc:2266 imb:213 pmb:633 smb:7314 d:s ref:0 ;
in:1561 out:1561 type:P dur:2 cpbdur:2 q:34.73 aq:26.86 tex:186047 mv:21675 misc:3710 imb:2839 pmb:671 smb:4650 d:s ref:0 ;
in:1562 out:1562 type:P dur:2 cpbdur:2 q:34.98 aq:26.44 tex:201573 mv:16924 misc:2439 imb:2381 pmb:552 smb:5227 d:s ref:0 ;
in:1563 out:1563 type:P dur:2 cpbdur:2 q:37.17 aq:28.98 tex:162377 mv:18113 misc:2830 imb:2578 pmb:530 smb:5052 d:s ref:0 ;
in:1564 out:1564 type:P dur:2 cpbdur:2 q:35.25 aq:24.38 tex:327522 mv:24718 misc:3416 imb:3095 pmb:788 smb:4277 d:s ref:0 ;
in:1568 out:1565 type:P dur:2 cpbdur:2 q:36.84 aq:25.31 tex:326726 mv:23563 misc:3415 imb:2764 pmb:746 smb:4650 d:s ref:0 ;
in:1566 out:1566 type:B dur:2 cpbdur:2 q:37.51 aq:26.18 tex:2119 mv:2336 misc:2049 imb:30 pmb:458 smb:7672 d:s ref:0 ;
in:1565 out:1567 type:b dur:2 cpbdur:2 q:37.64 aq:32.45 tex:995 mv:1296 misc:1701 imb:12 pmb:396 smb:7752 d:s ref:0 ;
in:1567 out:1568 type:b dur:2 cpbdur:2 q:37.60 aq:27.97 tex:226 mv:126 misc:528 imb:0 pmb:22 smb:8138 d:- ref:0 ;
in:1572 out:1569 type:P dur:2 cpbdur:2 q:36.11 aq:25.70 tex:64973 mv:10773 misc:4446 imb:826 pmb:1365 smb:5969 d:s ref:0 ;
in:1570 out:1570 type:B dur:2 cpbdur:2 q:37.93 aq:30.77 tex:458 mv:575 misc:863 imb:6 pmb:82 smb:8072 d:s ref:0 ;
in:1569 out:1571 type:b dur:2 cpbdur:2 q:38.05 aq:24.79 tex:157 mv:156 misc:543 imb:3 pmb:23 smb:8134 d:s ref:0 ;
in:1571 out:1572 type:b dur:2 cpbdur:2 q:38.05 aq:22.54 tex:111 mv:106 misc:519 imb:1 pmb:21 smb:8138 d:- ref:0 ;
in:1576 out:1573 type:P dur:2 cpbdur:2 q:34.82 aq:24.60 tex:66435 mv:11426 misc:4131 imb:967 pmb:1281 smb:5912 d:s ref:0 ;
in:1574 out:1574 type:B dur:2 cpbdur:2 q:36.30 aq:22.77 tex:468 mv:746 misc:850 imb:19 pmb:77 smb:8064 d:s ref:0 ;
in:1573 out:1575 type:b dur:2 cpbdur:2 q:36.46 aq:24.65 tex:282 mv:317 misc:641 imb:9 pmb:39 smb:8112 d:s ref:0 ;
in:1575 out:1576 type:b dur:2 cpbdur:2 q:36.45 aq:23.70 tex:371 mv:240 misc:709 imb:5 pmb:51 smb:8104 d:- ref:0 ;
in:1580 out:1577 type:P dur:2 cpbdur:2 q:31.24 aq:20.76 tex:202870 mv:19423 misc:4491 imb:1557 pmb:2106 smb:4497 d:s ref:0 ;
in:1578 out:1578 type:B dur:2 cpbdur:2 q:34.99 aq:27.22 tex:482 mv:969 misc:893 imb:2 pmb:100 smb:8058 d:s ref:0 ;
in:1577 out:1579 type:b dur:2 cpbdur:2 q:35.15 aq:19.84 tex:117 mv:102 misc:581 imb:0 pmb:34 smb:8126 d:s ref:0 ;
in:1579 out:1580 type:b dur:2 cpbdur:2 q:35.15 aq:24.30 tex:141 mv:170 misc:561 imb:2 pmb:26 smb:8132 d:- ref:0 ;
in:1584 out:1581 type:P dur:2 cpbdur:2 q:29.44 aq:19.15 tex:214523 mv:17289 misc:4340 imb:1291 pmb:2007 smb:4862 d:s ref:0 ;
in:1582 out:1582 type:B dur:2 cpbdur:2 q:31.43 aq:23.74 tex:3580 mv:4873 misc:2235 imb:87 pmb:436 smb:7637 d:s ref:0 ;
in:1581 out:1583 type:b dur:2 cpbdur:2 q:31.63 aq:26.05 tex:650 mv:847 misc:1063 imb:8 pmb:153 smb:7999 d:s ref:0 ;
in:1583 out:1584 type:b dur:2 cpbdur:2 q:31.59 aq:23.71 tex:918 mv:1273 misc:1129 imb:28 pmb:154 smb:7978 d:- ref:0 ;
in:1588 out:1585 type:P dur:2 cpbdur:2 q:28.82 aq:19.47 tex:175855 mv:15301 misc:4420 imb:1196 pmb:1674 smb:5290 d:s ref:0 ;
in:1586 out:1586 type:B dur:2 cpbdur:2 q:29.70 aq:21.78 tex:5490 mv:5928 misc:2886 imb:108 pmb:682 smb:7370 d:s ref:0 ;
in:1585 out:1587 type:b dur:2 cpbdur:2 q:29.95 aq:21.84 tex:2773 mv:2782 misc:2037 imb:53 pmb:443 smb:7664 d:s ref:0 ;
in:1587 out:1588 type:b dur:2 cpbdur:2 q:29.95 aq:24.36 tex:1077 mv:1090 misc:1401 imb:19 pmb:226 smb:7915 d:- ref:0 ;
in:1592 out:1589 type:P dur:2 cpbdur:2 q:28.82 aq:19.93 tex:121178 mv:13706 misc:3908 imb:1028 pmb:1549 smb:5583 d:s ref:0 ;
in:1590 out:1590 type:B dur:2 cpbdur:2 q:29.16 aq:22.81 tex:7655 mv:5894 misc:2923 imb:138 pmb:714 smb:7308 d:s ref:0 ;
in:1589 out:1591 type:b dur:2 cpbdur:2 q:29.45 aq:21.96 tex:2147 mv:1527 misc:1606 imb:34 pmb:234 smb:7892 d:s ref:0 ;
in:1591 out:1592 type:b dur:2 cpbdur:2 q:29.45 aq:22.78 tex:1367 mv:1244 misc:1541 imb:24 pmb:256 smb:7880 d:- ref:0 ;
in:1596 out:1593 type:P dur:2 cpbdur:2 q:28.89 aq:20.01 tex:121293 mv:15855 misc:3716 imb:1342 pmb:1523 smb:5295 d:s ref:0 ;
in:1594 out:1594 type:B dur:2 cpbdur:2 q:29.17 aq:21.17 tex:8060 mv:5473 misc:3059 imb:133 pmb:698 smb:7329 d:s ref:0 ;
in:1593 out:1595 type:b dur:2 cpbdur:2 q:29.17 aq:22.82 tex:2980 mv:2943 misc:1917 imb:89 pmb:367 smb:7704 d:s ref:0 ;
in:1595 out:1596 type:b dur:2 cpbdur:2 q:29.17 aq:21.33 tex:4226 mv:3607 misc:2447 imb:95 pmb:618 smb:7447 d:- ref:0 ;
in:1600 out:1597 type:P dur:2 cpbdur:2 q:28.99 aq:19.81 tex:123717 mv:18838 misc:4229 imb:1559 pmb:1723 smb:4878 d:s ref:0 ;
in:1598 out:1598 type:B dur:2 cpbdur:2 q:29.19 aq:20.98 tex:5870 mv:5138 misc:2968 imb:110 pmb:667 smb:7383 d:s ref:0 ;
in:1597 out:1599 type:b dur:2 cpbdur:2 q:29.19 aq:23.87 tex:1374 mv:1435 misc:1623 imb:21 pmb:297 smb:7842 d:s ref:0 ;
in:1599 out:1600 type:b dur:2 cpbdur:2 q:29.19 aq:21.23 tex:3335 mv:2888 misc:2377 imb:75 pmb:478 smb:7607 d:- ref:0 ;
in:1604 out:1601 type:P dur:2 cpbdur:2 q:28.80 aq:19.64 tex:112884 mv:14328 misc:3956 imb:1038 pmb:1499 smb:5623 d:s ref:0 ;
in:1602 out:1602 type:B dur:2 cpbdur:2 q:29.18 aq:19.81 tex:5709 mv:5815 misc:2828 imb:119 pmb:646 smb:7395 d:s ref:0 ;
in:1601 out:1603 type:b dur:2 cpbdur:2 q:29.18 aq:21.09 tex:1304 mv:1250 misc:1670 imb:26 pmb:261 smb:7873 d:s ref:0 ;
in:1603 out:1604 type:b dur:2 cpbdur:2 q:29.18 aq:20.02 tex:1792 mv:1646 misc:1546 imb:42 pmb:270 smb:7848 d:- ref:0 ;
in:1608 out:1605 type:P dur:2 cpbdur:2 q:28.73 aq:19.75 tex:122004 mv:14108 misc:4144 imb:1021 pmb:1484 smb:5655 d:s ref:0 ;
in:1606 out:1606 type:B dur:2 cpbdur:2 q:29.09 aq:20.45 tex:7254 mv:5502 misc:3052 imb:120 pmb:685 smb:7355 d:s ref:0 ;
in:1605 out:1607 type:b dur:2 cpbdur:2 q:29.10 aq:20.44 tex:2887 mv:2186 misc:2047 imb:64 pmb:421 smb:7675 d:s ref:0 ;
in:1607 out:1608 type:b dur:2 cpbdur:2 q:29.09 aq:20.59 tex:1033 mv:922 misc:1349 imb:18 pmb:211 smb:7931 d:- ref:0 ;
in:1612 out:1609 type:P dur:2 cpbdur:2 q:28.74 aq:19.49 tex:111466 mv:15569 misc:4605 imb:1127 pmb:1619 smb:5414 d:s ref:0 ;
in:1610 out:1610 type:B dur:2 cpbdur:2 q:29.07 aq:21.31 tex:7411 mv:5095 misc:3126 imb:72 pmb:698 smb:7390 d:s ref:0 ;
in:1609 out:1611 type:b dur:2 cpbdur:2 q:29.07 aq:20.96 tex:1962 mv:1193 misc:1629 imb:28 pmb:232 smb:7900 d:s ref:0 ;
in:1611 out:1612 type:b dur:2 cpbdur:2 q:29.07 aq:23.48 tex:1985 mv:1345 misc:1670 imb:18 pmb:288 smb:7854 d:- ref:0 ;
in:1616 out:1613 type:P dur:2 cpbdur:2 q:28.79 aq:19.33 tex:114761 mv:16412 misc:4115 imb:1147 pmb:1602 smb:5411 d:s ref:0 ;
in:1614 out:1614 type:B dur:2 cpbdur:2 q:29.05 aq:21.88 tex:6671 mv:4459 misc:2638 imb:82 pmb:524 smb:7554 d:s ref:0 ;
in:1613 out:1615 type:b dur:2 cpbdur:2 q:29.05 aq:23.19 tex:3082 mv:2355 misc:1995 imb:55 pmb:348 smb:7757 d:s ref:0 ;
in:1615 out:1616 type:b dur:2 cpbdur:2 q:29.05 aq:22.05 tex:4097 mv:2886 misc:2377 imb:73 pmb:520 smb:7567 d:- ref:0 ;
in:1620 out:1617 type:P dur:2 cpbdur:2 q:28.84 aq:19.58 tex:113570 mv:14583 misc:4351 imb:1072 pmb:1501 smb:5587 d:s ref:0 ;
in:1618 out:1618 type:B dur:2 cpbdur:2 q:29.14 aq:21.75 tex:6604 mv:5483 misc:2729 imb:125 pmb:543 smb:7492 d:s ref:0 ;
in:1617 out:1619 type:b dur:2 cpbdur:2 q:29.32 aq:22.44 tex:1669 mv:1141 misc:1446 imb:14 pmb:239 smb:7907 d:s ref:0 ;
in:1619 out:1620 type:b dur:2 cpbdur:2 q:29.32 aq:23.39 tex:1869 mv:1294 misc:1341 imb:52 pmb:176 smb:7932 d:- ref:0 ;
in:1624 out:1621 type:P dur:2 cpbdur:2 q:28.76 aq:18.92 tex:114771 mv:13301 misc:4448 imb:878 pmb:1502 smb:5780 d:s ref:0 ;
in:1622 out:1622 type:B dur:2 cpbdur:2 q:29.15 aq:21.46 tex:6157 mv:5584 misc:2587 imb:129 pmb:583 smb:7448 d:s ref:0 ;
in:1621 out:1623 type:b dur:2 cpbdur:2 q:29.40 aq:20.77 tex:1086 mv:847 misc:1291 imb:18 pmb:189 smb:7953 d:s ref:0 ;
in:1623 out:1624 type:b dur:2 cpbdur:2 q:29.40 aq:19.28 tex:1350 mv:1043 misc:1255 imb:34 pmb:188 smb:7938 d:- ref:0 ;
in:1628 out:1625 type:P dur:2 cpbdur:2 q:28.59 aq:18.93 tex:114496 mv:12494 misc:4386 imb:823 pmb:1456 smb:5881 d:s ref:0 ;
in:1626 out:1626 type:B dur:2 cpbdur:2 q:29.05 aq:20.61 tex:4896 mv:5258 misc:2702 imb:91 pmb:591 smb:7478 d:s ref:0 ;
in:1625 out:1627 type:b dur:2 cpbdur:2 q:29.34 aq:21.88 tex:1988 mv:1699 misc:1745 imb:35 pmb:303 smb:7822 d:s ref:0 ;
in:1627 out:1628 type:b dur:2 cpbdur:2 q:29.34 aq:21.12 tex:770 mv:1252 misc:1202 imb:16 pmb:204 smb:7940 d:- ref:0 ;
in:1632 out:1629 type:P dur:2 cpbdur:2 q:28.78 aq:18.81 tex:104302 mv:12804 misc:4246 imb:813 pmb:1502 smb:5845 d:s ref:0 ;
in:1630 out:1630 type:B dur:2 cpbdur:2 q:29.06 aq:22.48 tex:4447 mv:3845 misc:2428 imb:61 pmb:564 smb:7535 d:s ref:0 ;
in:1629 out:1631 type:b dur:2 cpbdur:2 q:29.06 aq:21.65 tex:1406 mv:1346 misc:1440 imb:19 pmb:215 smb:7926 d:s ref:0 ;
in:1631 out:1632 type:b dur:2 cpbdur:2 q:29.06 aq:21.54 tex:857 mv:1001 misc:1382 imb:13 pmb:219 smb:7928 d:- ref:0 ;
in:1636 out:1633 type:P dur:2 cpbdur:2 q:28.47 aq:18.62 tex:94304 mv:12615 misc:4249 imb:838 pmb:1482 smb:5840 d:s ref:0 ;
in:1634 out:1634 type:B dur:2 cpbdur:2 q:29.03 aq:21.60 tex:6074 mv:4108 misc:2482 imb:54 pmb:549 smb:7557 d:s ref:0 ;
in:1633 out:1635 type:b dur:2 cpbdur:2 q:29.06 aq:21.36 tex:1159 mv:1221 misc:1292 imb:33 pmb:183 smb:7944 d:s ref:0 ;
in:1635 out:1636 type:b dur:2 cpbdur:2 q:29.06 aq:22.22 tex:2568 mv:1861 misc:1811 imb:40 pmb:352 smb:7768 d:- ref:0 ;
in:1640 out:1637 type:P dur:2 cpbdur:2 q:28.48 aq:19.08 tex:112071 mv:12976 misc:3929 imb:850 pmb:1465 smb:5845 d:s ref:0 ;
in:1638 out:1638 type:B dur:2 cpbdur:2 q:28.84 aq:21.93 tex:5541 mv:5004 misc:2543 imb:84 pmb:552 smb:7524 d:s ref:0 ;
in:1637 out:1639 type:b dur:2 cpbdur:2 q:29.09 aq:24.44 tex:1781 mv:1331 misc:1488 imb:21 pmb:268 smb:7871 d:s ref:0 ;
in:1639 out:1640 type:b dur:2 cpbdur:2 q:29.09 aq:23.60 tex:1869 mv:1076 misc:1319 imb:31 pmb:170 smb:7959 d:- ref:0 ;
in:1644 out:1641 type:P dur:2 cpbdur:2 q:28.42 aq:18.66 tex:117268 mv:12484 misc:3488 imb:774 pmb:1455 smb:5931 d:s ref:0 ;
in:1642 out:1642 type:B dur:2 cpbdur:2 q:28.78 aq:21.26 tex:9589 mv:7725 misc:2990 imb:141 pmb:753 smb:7266 d:t ref:0 ;
in:1641 out:1643 type:b dur:2 cpbdur:2 q:29.08 aq:23.35 tex:1881 mv:1325 misc:1450 imb:16 pmb:252 smb:7892 d:s ref:0 ;
in:1643 out:1644 type:b dur:2 cpbdur:2 q:29.08 aq:22.00 tex:1561 mv:1461 misc:1314 imb:29 pmb:187 smb:7944 d:- ref:0 ;
in:1648 out:1645 type:P dur:2 cpbdur:2 q:28.39 aq:19.22 tex:117543 mv:12296 misc:3537 imb:751 pmb:1362 smb:6047 d:s ref:0 ;
in:1646 out:1646 type:B dur:2 cpbdur:2 q:28.75 aq:21.72 tex:9681 mv:7620 misc:2899 imb:127 pmb:897 smb:7136 d:s ref:0 ;
in:1645 out:1647 type:b dur:2 cpbdur:2 q:29.04 aq:21.56 tex:2186 mv:1570 misc:1660 imb:30 pmb:299 smb:7831 d:s ref:0 ;
in:1647 out:1648 type:b dur:2 cpbdur:2 q:29.04 aq:21.10 tex:1084 mv:1089 misc:1387 imb:18 pmb:237 smb:7905 d:- ref:0 ;
in:1652 out:1649 type:P dur:2 cpbdur:2 q:28.20 aq:18.37 tex:110933 mv:14554 misc:4313 imb:1216 pmb:1498 smb:5446 d:s ref:0 ;
in:1650 out:1650 type:B dur:2 cpbdur:2 q:28.69 aq:19.35 tex:4801 mv:5194 misc:2829 imb:131 pmb:759 smb:7270 d:s ref:0 ;
in:1649 out:1651 type:b dur:2 cpbdur:2 q:28.99 aq:20.70 tex:3086 mv:2362 misc:2032 imb:67 pmb:467 smb:7626 d:s ref:0 ;
in:1651 out:1652 type:b dur:2 cpbdur:2 q:28.99 aq:20.71 tex:658 mv:743 misc:1231 imb:17 pmb:181 smb:7962 d:- ref:0 ;
in:1656 out:1653 type:P dur:2 cpbdur:2 q:28.32 aq:18.17 tex:89044 mv:12944 misc:3452 imb:959 pmb:1371 smb:5830 d:s ref:0 ;
in:1654 out:1654 type:B dur:2 cpbdur:2 q:28.59 aq:20.37 tex:3259 mv:3183 misc:2182 imb:81 pmb:405 smb:7674 d:s ref:0 ;
in:1653 out:1655 type:b dur:2 cpbdur:2 q:28.70 aq:20.79 tex:1873 mv:2068 misc:1539 imb:56 pmb:296 smb:7808 d:s ref:0 ;
in:1655 out:1656 type:b dur:2 cpbdur:2 q:28.70 aq:21.05 tex:2728 mv:2608 misc:1856 imb:51 pmb:460 smb:7649 d:- ref:0 ;
in:1660 out:1657 type:P dur:2 cpbdur:2 q:28.27 aq:18.40 tex:89913 mv:13207 misc:3912 imb:945 pmb:1327 smb:5888 d:s ref:0 ;
in:1658 out:1658 type:B dur:2 cpbdur:2 q:28.67 aq:22.00 tex:7790 mv:4895 misc:2603 imb:62 pmb:577 smb:7521 d:t ref:0 ;
in:1657 out:1659 type:b dur:2 cpbdur:2 q:28.86 aq:23.40 tex:1136 mv:1280 misc:1392 imb:9 pmb:249 smb:7902 d:s ref:0 ;
in:1659 out:1660 type:b dur:2 cpbdur:2 q:28.86 aq:23.64 tex:1805 mv:1506 misc:1497 imb:31 pmb:224 smb:7905 d:- ref:0 ;
in:1664 out:1661 type:P dur:2 cpbdur:2 q:28.11 aq:18.86 tex:95513 mv:12349 misc:3554 imb:797 pmb:1279 smb:6084 d:s ref:0 ;
in:1662 out:1662 type:B dur:2 cpbdur:2 q:28.61 aq:21.73 tex:9285 mv:6750 misc:2973 imb:82 pmb:743 smb:7335 d:s ref:0 ;
in:1661 out:1663 type:b dur:2 cpbdur:2 q:28.87 aq:23.73 tex:1669 mv:1384 misc:1499 imb:19 pmb:238 smb:7903 d:s ref:0 ;
in:1663 out:1664 type:b dur:2 cpbdur:2 q:28.87 aq:23.94 tex:2616 mv:1349 misc:1587 imb:28 pmb:247 smb:7885 d:- ref:0 ;
in:1668 out:1665 type:P dur:2 cpbdur:2 q:27.91 aq:18.69 tex:105252 mv:12123 misc:3865 imb:782 pmb:1392 smb:5986 d:s ref:0 ;
in:1666 out:1666 type:B dur:2 cpbdur:2 q:28.45 aq:20.76 tex:10559 mv:6840 misc:3017 imb:85 pmb:851 smb:7224 d:s ref:0 ;
in:1665 out:1667 type:b dur:2 cpbdur:2 q:28.77 aq:20.96 tex:3463 mv:1869 misc:2084 imb:24 pmb:415 smb:7721 d:s ref:0 ;
in:1667 out:1668 type:b dur:2 cpbdur:2 q:28.77 aq:25.20 tex:1150 mv:896 misc:1210 imb:11 pmb:183 smb:7966 d:- ref:0 ;
in:1672 out:1669 type:P dur:2 cpbdur:2 q:27.98 aq:18.92 tex:98158 mv:16706 misc:4528 imb:1582 pmb:1594 smb:4984 d:s ref:0 ;
in:1670 out:1670 type:B dur:2 cpbdur:2 q:28.33 aq:19.95 tex:8132 mv:6671 misc:3469 imb:111 pmb:1010 smb:7039 d:s ref:0 ;
in:1669 out:1671 type:b dur:2 cpbdur:2 q:28.60 aq:20.39 tex:2243 mv:1284 misc:1905 imb:24 pmb:324 smb:7812 d:s ref:0 ;
in:1671 out:1672 type:b dur:2 cpbdur:2 q:28.60 aq:22.61 tex:2351 mv:3438 misc:1971 imb:86 pmb:465 smb:7609 d:- ref:0 ;
in:1675 out:1673 type:P dur:2 cpbdur:2 q:28.20 aq:19.59 tex:59135 mv:14402 misc:3959 imb:1589 pmb:1107 smb:5464 d:s ref:0 ;
in:1673 out:1674 type:B dur:2 cpbdur:2 q:28.65 aq:20.84 tex:5120 mv:5213 misc:2019 imb:255 pmb:453 smb:7452 d:s ref:0 ;
in:1674 out:1675 type:b dur:2 cpbdur:2 q:28.87 aq:21.75 tex:4789 mv:5168 misc:1995 imb:299 pmb:367 smb:7494 d:- ref:0 ;
in:1679 out:1676 type:P dur:2 cpbdur:2 q:27.81 aq:18.19 tex:62170 mv:14170 misc:3612 imb:1518 pmb:1167 smb:5475 d:s ref:0 ;
in:1677 out:1677 type:B dur:2 cpbdur:2 q:28.66 aq:19.33 tex:8016 mv:6231 misc:2777 imb:228 pmb:734 smb:7198 d:s ref:0 ;
in:1676 out:1678 type:b dur:2 cpbdur:2 q:29.09 aq:21.19 tex:6873 mv:3766 misc:2001 imb:153 pmb:551 smb:7456 d:s ref:0 ;
in:1678 out:1679 type:b dur:2 cpbdur:2 q:28.87 aq:20.81 tex:1912 mv:1134 misc:1506 imb:16 pmb:276 smb:7868 d:- ref:0 ;
in:1683 out:1680 type:P dur:2 cpbdur:2 q:27.90 aq:20.39 tex:105347 mv:21158 misc:5327 imb:1720 pmb:1919 smb:4521 d:s ref:0 w:6,63,4 ;
in:1681 out:1681 type:B dur:2 cpbdur:2 q:28.23 aq:21.74 tex:11418 mv:9158 misc:4792 imb:213 pmb:1438 smb:6509 d:s ref:0 ;
in:1680 out:1682 type:b dur:2 cpbdur:2 q:28.65 aq:22.48 tex:1835 mv:1454 misc:1687 imb:20 pmb:325 smb:7815 d:s ref:0 ;
in:1682 out:1683 type:b dur:2 cpbdur:2 q:28.65 aq:23.81 tex:5446 mv:5457 misc:3049 imb:137 pmb:625 smb:7398 d:- ref:0 ;
in:1685 out:1684 type:P dur:2 cpbdur:2 q:28.39 aq:18.40 tex:90217 mv:25320 misc:4703 imb:3394 pmb:1785 smb:2981 d:s ref:0 w:5,31,8 ;
in:1684 out:1685 type:b dur:2 cpbdur:2 q:28.40 aq:24.17 tex:14012 mv:14038 misc:4814 imb:545 pmb:1368 smb:6247 d:s ref:0 ;
in:1687 out:1686 type:P dur:2 cpbdur:2 q:28.02 aq:18.84 tex:85643 mv:25759 misc:4414 imb:3169 pmb:1916 smb:3075 d:s ref:0 w:7,119,17 ;
in:1686 out:1687 type:b dur:2 cpbdur:2 q:28.39 aq:21.81 tex:22609 mv:17900 misc:5259 imb:635 pmb:2227 smb:5298 d:s ref:0 ;
in:1688 out:1688 type:P dur:2 cpbdur:2 q:28.00 aq:19.01 tex:89865 mv:32985 misc:3078 imb:4604 pmb:2756 smb:800 d:s ref:0 w:6,61,11,6,61,5,64,0 ;
in:1689 out:1689 type:P dur:2 cpbdur:2 q:27.09 aq:18.05 tex:98740 mv:26884 misc:4160 imb:3354 pmb:2074 smb:2732 d:s ref:0 w:7,119,17 ;
in:1690 out:1690 type:P dur:2 cpbdur:2 q:27.12 aq:18.15 tex:101508 mv:33533 misc:4735 imb:3997 pmb:2353 smb:1810 d:s ref:0 w:7,117,21 ;
in:1691 out:1691 type:P dur:2 cpbdur:2 q:27.13 aq:18.04 tex:96435 mv:34650 misc:3651 imb:4125 pmb:2272 smb:1763 d:s ref:0 w:6,57,27 ;
in:1692 out:1692 type:P dur:2 cpbdur:2 q:27.15 aq:17.90 tex:87596 mv:33922 misc:4034 imb:4046 pmb:2202 smb:1912 d:s ref:0 w:6,55,34 ;
in:1693 out:1693 type:P dur:2 cpbdur:2 q:27.17 aq:17.87 tex:93718 mv:36421 misc:3565 imb:4365 pmb:2154 smb:1641 d:s ref:0 w:6,53,42 ;
in:1694 out:1694 type:P dur:2 cpbdur:2 q:27.20 aq:17.60 tex:108453 mv:38068 misc:3447 imb:4413 pmb:2252 smb:1495 d:s ref:0 w:6,53,42 ;
in:1695 out:1695 type:P dur:2 cpbdur:2 q:27.22 aq:17.29 tex:124122 mv:39695 misc:3511 imb:4927 pmb:1929 smb:1304 d:s ref:0 w:7,107,40 ;
in:1696 out:1696 type:P dur:2 cpbdur:2 q:27.23 aq:16.97 tex:122503 mv:40078 misc:2947 imb:4643 pmb:1980 smb:1537 d:s ref:0 w:7,111,33 ;
in:1697 out:1697 type:P dur:2 cpbdur:2 q:27.25 aq:17.48 tex:100731 mv:23848 misc:4061 imb:2660 pmb:1275 smb:4225 d:s ref:0 ;
in:1698 out:1698 type:P dur:2 cpbdur:2 q:27.26 aq:17.03 tex:95655 mv:26672 misc:4081 imb:3127 pmb:1202 smb:3831 d:s ref:0 ;
in:1699 out:1699 type:P dur:2 cpbdur:2 q:27.27 aq:17.05 tex:76531 mv:24697 misc:4628 imb:2816 pmb:1133 smb:4211 d:s ref:0 ;
in:1700 out:1700 type:P dur:2 cpbdur:2 q:27.61 aq:16.91 tex:68742 mv:27015 misc:5603 imb:3326 pmb:1192 smb:3642 d:s ref:0 ;
in:1701 out:1701 type:I dur:2 cpbdur:2 q:24.34 aq:12.79 tex:206269 mv:62752 misc:307 imb:8160 pmb:0 smb:0 d:s ref:;
in:1705 out:1702 type:P dur:2 cpbdur:2 q:30.33 aq:18.28 tex:90386 mv:18849 misc:4549 imb:2798 pmb:634 smb:4728 d:s ref:0 ;
in:1703 out:1703 type:B dur:2 cpbdur:2 q:30.33 aq:19.38 tex:6666 mv:7911 misc:3535 imb:345 pmb:694 smb:7121 d:s ref:0 ;
in:1702 out:1704 type:b dur:2 cpbdur:2 q:30.33 aq:19.61 tex:2546 mv:3291 misc:2387 imb:84 pmb:470 smb:7606 d:s ref:0 ;
in:1704 out:1705 type:b dur:2 cpbdur:2 q:30.33 aq:19.44 tex:4363 mv:5516 misc:3385 imb:127 pmb:735 smb:7298 d:- ref:0 ;
in:1706 out:1706 type:P dur:2 cpbdur:2 q:28.52 aq:16.86 tex:55414 mv:17746 misc:4048 imb:1698 pmb:1181 smb:5281 d:s ref:0 ;
in:1707 out:1707 type:P dur:2 cpbdur:2 q:29.37 aq:17.23 tex:57895 mv:4052 misc:1725 imb:220 pmb:555 smb:7385 d:s ref:0 ;
in:1709 out:1708 type:P dur:2 cpbdur:2 q:29.81 aq:18.90 tex:84882 mv:14834 misc:3756 imb:2001 pmb:838 smb:5321 d:s ref:0 w:4,17,-15 ;
in:1708 out:1709 type:b dur:2 cpbdur:2 q:30.03 aq:19.73 tex:1811 mv:3116 misc:1937 imb:56 pmb:401 smb:7703 d:s ref:0 ;
in:1711 out:1710 type:P dur:2 cpbdur:2 q:31.17 aq:18.64 tex:100873 mv:25938 misc:4733 imb:4315 pmb:1145 smb:2700 d:s ref:0 w:6,67,-11 ;
in:1710 out:1711 type:b dur:2 cpbdur:2 q:31.29 aq:20.82 tex:5465 mv:5129 misc:3966 imb:159 pmb:917 smb:7084 d:t ref:0 ;
in:1712 out:1712 type:P dur:2 cpbdur:2 q:31.34 aq:20.29 tex:65268 mv:6204 misc:3376 imb:475 pmb:900 smb:6785 d:s ref:0 ;
in:1713 out:1713 type:P dur:2 cpbdur:2 q:30.33 aq:18.91 tex:58099 mv:13162 misc:4699 imb:1268 pmb:1122 smb:5770 d:s ref:0 w:6,65,-4 ;
in:1715 out:1714 type:P dur:2 cpbdur:2 q:31.58 aq:19.54 tex:105025 mv:28423 misc:2456 imb:4723 pmb:2359 smb:1078 d:s ref:0 w:6,67,-11,5,32,0,31,3 ;
in:1714 out:1715 type:b dur:2 cpbdur:2 q:31.83 aq:21.31 tex:1250 mv:2061 misc:1721 imb:52 pmb:325 smb:7783 d:t ref:0 ;
in:1716 out:1716 type:P dur:2 cpbdur:2 q:30.80 aq:18.89 tex:59997 mv:15096 misc:5947 imb:1570 pmb:1280 smb:5310 d:s ref:0 w:6,65,-4 ;
in:1717 out:1717 type:P dur:2 cpbdur:2 q:31.40 aq:20.58 tex:46450 mv:4241 misc:3261 imb:366 pmb:841 smb:6953 d:s ref:0 ;
in:1719 out:1718 type:P dur:2 cpbdur:2 q:30.70 aq:18.93 tex:68392 mv:11693 misc:4707 imb:1246 pmb:1077 smb:5837 d:s ref:0 ;
in:1718 out:1719 type:b dur:2 cpbdur:2 q:31.65 aq:20.10 tex:635 mv:1138 misc:1331 imb:9 pmb:270 smb:7881 d:s ref:0 ;
in:1723 out:1720 type:P dur:2 cpbdur:2 q:30.44 aq:18.67 tex:88932 mv:17830 misc:5510 imb:2463 pmb:1090 smb:4607 d:s ref:0 ;
in:1721 out:1721 type:B dur:2 cpbdur:2 q:31.27 aq:19.08 tex:4896 mv:7388 misc:3836 imb:273 pmb:904 smb:6983 d:s ref:0 ;
in:1720 out:1722 type:b dur:2 cpbdur:2 q:31.42 aq:20.62 tex:2765 mv:3329 misc:2682 imb:77 pmb:572 smb:7511 d:s ref:0 ;
in:1722 out:1723 type:b dur:2 cpbdur:2 q:31.40 aq:20.75 tex:852 mv:1451 misc:1569 imb:24 pmb:307 smb:7829 d:- ref:0 ;
in:1726 out:1724 type:P dur:2 cpbdur:2 q:29.44 aq:17.31 tex:61714 mv:19272 misc:5566 imb:2290 pmb:1174 smb:4696 d:s ref:0 ;
in:1724 out:1725 type:B dur:2 cpbdur:2 q:30.64 aq:19.35 tex:1386 mv:2742 misc:1824 imb:57 pmb:308 smb:7795 d:s ref:0 ;
in:1725 out:1726 type:b dur:2 cpbdur:2 q:30.78 aq:19.76 tex:3109 mv:2183 misc:2348 imb:63 pmb:473 smb:7624 d:- ref:0 ;
in:1730 out:1727 type:P dur:2 cpbdur:2 q:28.44 aq:17.04 tex:60344 mv:19299 misc:5821 imb:2053 pmb:1190 smb:4917 d:s ref:0 ;
in:1728 out:1728 type:B dur:2 cpbdur:2 q:29.59 aq:18.94 tex:4134 mv:5419 misc:3039 imb:177 pmb:607 smb:7376 d:s ref:0 ;
in:1727 out:1729 type:b dur:2 cpbdur:2 q:29.69 aq:18.44 tex:1498 mv:1974 misc:2224 imb:27 pmb:549 smb:7584 d:s ref:0 ;
in:1729 out:1730 type:b dur:2 cpbdur:2 q:29.69 aq:18.09 tex:2342 mv:2519 misc:2035 imb:85 pmb:329 smb:7746 d:- ref:0 ;
in:1734 out:1731 type:P dur:2 cpbdur:2 q:27.89 aq:16.56 tex:56530 mv:21028 misc:5626 imb:2214 pmb:1216 smb:4730 d:s ref:0 ;
in:1732 out:1732 type:B dur:2 cpbdur:2 q:28.68 aq:17.61 tex:7888 mv:8770 misc:4110 imb:271 pmb:981 smb:6908 d:s ref:0 ;
in:1731 out:1733 type:b dur:2 cpbdur:2 q:28.87 aq:18.85 tex:1724 mv:2194 misc:2554 imb:25 pmb:543 smb:7592 d:s ref:0 ;
in:1733 out:1734 type:b dur:2 cpbdur:2 q:28.87 aq:18.53 tex:3011 mv:2318 misc:2343 imb:70 pmb:456 smb:7634 d:- ref:0 ;
in:1738 out:1735 type:P dur:2 cpbdur:2 q:27.59 aq:16.72 tex:49060 mv:21419 misc:6009 imb:2196 pmb:1306 smb:4658 d:s ref:0 ;
in:1736 out:1736 type:B dur:2 cpbdur:2 q:28.01 aq:16.92 tex:10021 mv:11504 misc:4771 imb:315 pmb:1359 smb:6486 d:s ref:0 ;
in:1735 out:1737 type:b dur:2 cpbdur:2 q:28.12 aq:18.58 tex:6771 mv:5362 misc:3867 imb:152 pmb:991 smb:7017 d:s ref:0 ;
in:1737 out:1738 type:b dur:2 cpbdur:2 q:28.12 aq:18.99 tex:2323 mv:2368 misc:2501 imb:35 pmb:553 smb:7572 d:- ref:0 ;
in:1741 out:1739 type:P dur:2 cpbdur:2 q:27.41 aq:15.82 tex:66737 mv:27341 misc:5642 imb:2810 pmb:1527 smb:3823 d:s ref:0 ;
in:1739 out:1740 type:B dur:2 cpbdur:2 q:27.69 aq:17.54 tex:5739 mv:6119 misc:3582 imb:211 pmb:730 smb:7219 d:t ref:0 ;
in:1740 out:1741 type:b dur:2 cpbdur:2 q:27.69 aq:17.84 tex:8768 mv:8866 misc:4638 imb:253 pmb:1351 smb:6556 d:- ref:0 ;
in:1745 out:1742 type:P dur:2 cpbdur:2 q:27.23 aq:16.36 tex:42927 mv:21192 misc:5105 imb:2091 pmb:1219 smb:4850 d:s ref:0 ;
in:1743 out:1743 type:B dur:2 cpbdur:2 q:27.53 aq:17.73 tex:7602 mv:9983 misc:4167 imb:314 pmb:1029 smb:6817 d:s ref:0 ;
in:1742 out:1744 type:b dur:2 cpbdur:2 q:27.53 aq:18.22 tex:2919 mv:2360 misc:3049 imb:18 pmb:808 smb:7334 d:s ref:0 ;
in:1744 out:1745 type:b dur:2 cpbdur:2 q:27.53 aq:18.21 tex:4950 mv:4260 misc:3254 imb:104 pmb:690 smb:7366 d:- ref:0 ;
in:1749 out:1746 type:P dur:2 cpbdur:2 q:26.97 aq:15.85 tex:48303 mv:25115 misc:6030 imb:2603 pmb:1376 smb:4181 d:s ref:0 ;
in:1747 out:1747 type:B dur:2 cpbdur:2 q:27.23 aq:16.35 tex:16221 mv:15932 misc:5447 imb:484 pmb:1709 smb:5967 d:s ref:0 ;
in:1746 out:1748 type:b dur:2 cpbdur:2 q:27.23 aq:16.89 tex:3526 mv:3225 misc:3785 imb:37 pmb:915 smb:7208 d:s ref:0 ;
in:1748 out:1749 type:b dur:2 cpbdur:2 q:27.23 aq:17.60 tex:7018 mv:6183 misc:3975 imb:142 pmb:1020 smb:6998 d:- ref:0 ;
in:1753 out:1750 type:P dur:2 cpbdur:2 q:27.36 aq:16.09 tex:45546 mv:26366 misc:6304 imb:2818 pmb:1403 smb:3939 d:s ref:0 ;
in:1751 out:1751 type:B dur:2 cpbdur:2 q:27.37 aq:16.56 tex:17248 mv:16797 misc:6067 imb:449 pmb:2177 smb:5534 d:s ref:0 ;
in:1750 out:1752 type:b dur:2 cpbdur:2 q:27.37 aq:17.72 tex:11812 mv:9522 misc:5442 imb:184 pmb:1771 smb:6205 d:s ref:0 ;
in:1752 out:1753 type:b dur:2 cpbdur:2 q:27.37 aq:18.42 tex:2813 mv:2409 misc:3042 imb:21 pmb:682 smb:7457 d:- ref:0 ;
in:1757 out:1754 type:P dur:2 cpbdur:2 q:27.57 aq:16.46 tex:41511 mv:24960 misc:5769 imb:2707 pmb:1331 smb:4122 d:s ref:0 ;
in:1755 out:1755 type:B dur:2 cpbdur:2 q:27.74 aq:17.60 tex:12909 mv:12591 misc:5660 imb:372 pmb:1782 smb:6006 d:s ref:0 ;
in:1754 out:1756 type:b dur:2 cpbdur:2 q:27.74 aq:18.48 tex:6215 mv:4833 misc:3672 imb:129 pmb:821 smb:7210 d:s ref:0 ;
in:1756 out:1757 type:b dur:2 cpbdur:2 q:27.74 aq:17.99 tex:4187 mv:3469 misc:3968 imb:30 pmb:1060 smb:7070 d:- ref:0 ;
in:1761 out:1758 type:P dur:2 cpbdur:2 q:28.20 aq:15.56 tex:76851 mv:34905 misc:4788 imb:4754 pmb:1476 smb:1930 d:s ref:0 ;
in:1759 out:1759 type:B dur:2 cpbdur:2 q:28.21 aq:17.93 tex:15408 mv:17114 misc:6150 imb:559 pmb:2087 smb:5514 d:s ref:0 ;
in:1758 out:1760 type:b dur:2 cpbdur:2 q:28.21 aq:18.76 tex:7255 mv:6770 misc:4167 imb:186 pmb:1027 smb:6947 d:s ref:0 ;
in:1760 out:1761 type:b dur:2 cpbdur:2 q:28.21 aq:18.44 tex:14743 mv:10723 misc:6126 imb:295 pmb:2172 smb:5693 d:- ref:0 ;
in:1765 out:1762 type:P dur:2 cpbdur:2 q:28.07 aq:16.37 tex:41566 mv:22468 misc:5086 imb:2493 pmb:1154 smb:4513 d:s ref:0 ;
in:1763 out:1763 type:B dur:2 cpbdur:2 q:28.54 aq:18.50 tex:7500 mv:8867 misc:4281 imb:301 pmb:1032 smb:6827 d:s ref:0 ;
in:1762 out:1764 type:b dur:2 cpbdur:2 q:28.54 aq:19.38 tex:2469 mv:1999 misc:2828 imb:12 pmb:693 smb:7455 d:s ref:0 ;
in:1764 out:1765 type:b dur:2 cpbdur:2 q:28.54 aq:19.41 tex:4919 mv:4840 misc:3257 imb:161 pmb:723 smb:7276 d:- ref:0 ;
in:1769 out:1766 type:P dur:2 cpbdur:2 q:28.45 aq:16.76 tex:42863 mv:23301 misc:4948 imb:2716 pmb:1040 smb:4404 d:s ref:0 ;
in:1767 out:1767 type:B dur:2 cpbdur:2 q:28.73 aq:17.77 tex:11330 mv:13899 misc:4779 imb:484 pmb:1318 smb:6358 d:s ref:0 ;
in:1766 out:1768 type:b dur:2 cpbdur:2 q:28.86 aq:18.62 tex:2189 mv:2536 misc:2795 imb:34 pmb:656 smb:7470 d:s ref:0 ;
in:1768 out:1769 type:b dur:2 cpbdur:2 q:28.86 aq:19.14 tex:5519 mv:6070 misc:3379 imb:202 pmb:845 smb:7113 d:- ref:0 ;
in:1773 out:1770 type:P dur:2 cpbdur:2 q:27.96 aq:16.42 tex:54800 mv:26871 misc:5681 imb:2976 pmb:1333 smb:3851 d:s ref:0 ;
in:1771 out:1771 type:B dur:2 cpbdur:2 q:28.88 aq:17.93 tex:10847 mv:13372 misc:5037 imb:414 pmb:1459 smb:6287 d:s ref:0 ;
in:1770 out:1772 type:b dur:2 cpbdur:2 q:29.02 aq:19.46 tex:8271 mv:7005 misc:4260 imb:204 pmb:1279 smb:6677 d:s ref:0 ;
in:1772 out:1773 type:b dur:2 cpbdur:2 q:29.02 aq:19.36 tex:2150 mv:2714 misc:2576 imb:61 pmb:550 smb:7549 d:- ref:0 ;
in:1777 out:1774 type:P dur:2 cpbdur:2 q:27.16 aq:15.56 tex:57088 mv:27386 misc:6086 imb:2837 pmb:1436 smb:3887 d:s ref:0 ;
in:1775 out:1775 type:B dur:2 cpbdur:2 q:28.26 aq:18.11 tex:11866 mv:13027 misc:5195 imb:373 pmb:1783 smb:6004 d:s ref:0 ;
in:1774 out:1776 type:b dur:2 cpbdur:2 q:28.41 aq:18.60 tex:5015 mv:4602 misc:3351 imb:109 pmb:763 smb:7288 d:s ref:0 ;
in:1776 out:1777 type:b dur:2 cpbdur:2 q:28.41 aq:18.55 tex:2295 mv:2587 misc:3198 imb:26 pmb:749 smb:7385 d:- ref:0 ;
in:1781 out:1778 type:P dur:2 cpbdur:2 q:27.31 aq:15.07 tex:70750 mv:29879 misc:4971 imb:3179 pmb:1399 smb:3582 d:s ref:0 ;
in:1779 out:1779 type:B dur:2 cpbdur:2 q:27.41 aq:17.60 tex:10708 mv:14839 misc:5109 imb:426 pmb:1566 smb:6168 d:s ref:0 ;
in:1778 out:1780 type:b dur:2 cpbdur:2 q:27.41 aq:18.09 tex:7633 mv:9612 misc:4211 imb:234 pmb:1252 smb:6674 d:s ref:0 ;
in:1780 out:1781 type:b dur:2 cpbdur:2 q:27.41 aq:18.38 tex:12289 mv:12754 misc:4765 imb:324 pmb:1896 smb:5940 d:- ref:0 ;
in:1785 out:1782 type:P dur:2 cpbdur:2 q:26.93 aq:15.76 tex:53115 mv:23294 misc:5231 imb:2525 pmb:1231 smb:4404 d:s ref:0 ;
in:1783 out:1783 type:B dur:2 cpbdur:2 q:27.53 aq:17.41 tex:8508 mv:11657 misc:4355 imb:365 pmb:1151 smb:6644 d:s ref:0 ;
in:1782 out:1784 type:b dur:2 cpbdur:2 q:27.53 aq:17.93 tex:3127 mv:2840 misc:3273 imb:21 pmb:876 smb:7263 d:s ref:0 ;
in:1784 out:1785 type:b dur:2 cpbdur:2 q:27.53 aq:17.82 tex:5914 mv:6749 misc:3689 imb:164 pmb:873 smb:7123 d:- ref:0 ;
in:1789 out:1786 type:P dur:2 cpbdur:2 q:26.35 aq:15.10 tex:56668 mv:26376 misc:5036 imb:2817 pmb:1307 smb:4036 d:s ref:0 ;
in:1787 out:1787 type:B dur:2 cpbdur:2 q:26.98 aq:16.23 tex:15289 mv:18118 misc:4945 imb:498 pmb:1756 smb:5906 d:s ref:0 ;
in:1786 out:1788 type:b dur:2 cpbdur:2 q:27.03 aq:17.04 tex:2520 mv:2899 misc:3101 imb:33 pmb:737 smb:7390 d:s ref:0 ;
in:1788 out:1789 type:b dur:2 cpbdur:2 q:27.03 aq:17.18 tex:7646 mv:9971 misc:4063 imb:275 pmb:1145 smb:6740 d:- ref:0 ;
in:1793 out:1790 type:P dur:2 cpbdur:2 q:26.53 aq:15.27 tex:58825 mv:26785 misc:5222 imb:3002 pmb:1306 smb:3852 d:s ref:0 ;
in:1791 out:1791 type:B dur:2 cpbdur:2 q:26.56 aq:16.12 tex:20598 mv:20790 misc:5204 imb:559 pmb:2097 smb:5504 d:s ref:0 ;
in:1790 out:1792 type:b dur:2 cpbdur:2 q:26.56 aq:17.11 tex:13400 mv:14470 misc:5178 imb:347 pmb:1967 smb:5846 d:s ref:0 ;
in:1792 out:1793 type:b dur:2 cpbdur:2 q:26.56 aq:16.91 tex:3524 mv:3422 misc:3582 imb:30 pmb:959 smb:7171 d:- ref:0 ;
in:1797 out:1794 type:P dur:2 cpbdur:2 q:26.80 aq:15.53 tex:54017 mv:26207 misc:5320 imb:3052 pmb:1278 smb:3830 d:s ref:0 ;
in:1795 out:1795 type:B dur:2 cpbdur:2 q:26.84 aq:16.83 tex:15981 mv:17908 misc:5495 imb:546 pmb:2173 smb:5441 d:s ref:0 ;
in:1794 out:1796 type:b dur:2 cpbdur:2 q:26.84 aq:17.53 tex:7711 mv:8401 misc:4240 imb:177 pmb:1137 smb:6846 d:s ref:0 ;
in:1796 out:1797 type:b dur:2 cpbdur:2 q:26.84 aq:17.43 tex:4812 mv:3780 misc:4024 imb:38 pmb:1115 smb:7007 d:- ref:0 ;
in:1801 out:1798 type:P dur:2 cpbdur:2 q:26.20 aq:14.55 tex:82878 mv:33393 misc:4345 imb:3828 pmb:1547 smb:2785 d:s ref:0 ;
in:1799 out:1799 type:B dur:2 cpbdur:2 q:26.83 aq:16.98 tex:17400 mv:21094 misc:5642 imb:795 pmb:1932 smb:5433 d:s ref:0 ;
in:1798 out:1800 type:b dur:2 cpbdur:2 q:26.83 aq:17.93 tex:9851 mv:10722 misc:4547 imb:302 pmb:1444 smb:6414 d:s ref:0 ;
in:1800 out:1801 type:b dur:2 cpbdur:2 q:26.83 aq:17.46 tex:16259 mv:15136 misc:5533 imb:449 pmb:2258 smb:5453 d:- ref:0 ;
in:1805 out:1802 type:P dur:2 cpbdur:2 q:26.42 aq:15.94 tex:57953 mv:28636 misc:4795 imb:2870 pmb:1665 smb:3625 d:s ref:0 ;
in:1803 out:1803 type:B dur:2 cpbdur:2 q:26.45 aq:16.34 tex:14817 mv:17657 misc:5254 imb:558 pmb:1860 smb:5742 d:s ref:0 ;
in:1802 out:1804 type:b dur:2 cpbdur:2 q:26.45 aq:16.08 tex:4176 mv:3462 misc:3658 imb:28 pmb:1031 smb:7101 d:s ref:0 ;
in:1804 out:1805 type:b dur:2 cpbdur:2 q:26.45 aq:16.33 tex:10479 mv:10305 misc:4624 imb:262 pmb:1382 smb:6516 d:- ref:0 ;
in:1809 out:1806 type:P dur:2 cpbdur:2 q:26.38 aq:16.31 tex:51525 mv:27757 misc:4254 imb:2663 pmb:1441 smb:4056 d:s ref:0 ;
in:1807 out:1807 type:B dur:2 cpbdur:2 q:26.42 aq:15.73 tex:21641 mv:24339 misc:5060 imb:705 pmb:2171 smb:5284 d:s ref:0 ;
in:1806 out:1808 type:b dur:2 cpbdur:2 q:26.42 aq:16.47 tex:4907 mv:3595 misc:3762 imb:43 pmb:1114 smb:7003 d:s ref:0 ;
in:1808 out:1809 type:b dur:2 cpbdur:2 q:26.42 aq:16.98 tex:9252 mv:8767 misc:4341 imb:267 pmb:1109 smb:6784 d:- ref:0 ;
in:1813 out:1810 type:P dur:2 cpbdur:2 q:26.04 aq:16.19 tex:62206 mv:33672 misc:5362 imb:3840 pmb:1531 smb:2789 d:s ref:0 ;
in:1811 out:1811 type:B dur:2 cpbdur:2 q:26.38 aq:15.78 tex:25702 mv:23089 misc:6617 imb:718 pmb:2598 smb:4844 d:s ref:0 ;
in:1810 out:1812 type:b dur:2 cpbdur:2 q:26.38 aq:17.07 tex:18376 mv:16761 misc:6423 imb:446 pmb:2540 smb:5174 d:s ref:0 ;
in:1812 out:1813 type:b dur:2 cpbdur:2 q:26.38 aq:16.76 tex:5018 mv:3548 misc:4274 imb:37 pmb:1065 smb:7058 d:- ref:0 ;
in:1816 out:1814 type:P dur:2 cpbdur:2 q:26.05 aq:17.71 tex:37724 mv:26563 misc:4785 imb:2410 pmb:1306 smb:4444 d:s ref:0 ;
in:1814 out:1815 type:B dur:2 cpbdur:2 q:26.05 aq:17.37 tex:14550 mv:16247 misc:5003 imb:509 pmb:1498 smb:6153 d:s ref:0 ;
in:1815 out:1816 type:b dur:2 cpbdur:2 q:26.05 aq:17.52 tex:18074 mv:17193 misc:5285 imb:388 pmb:2320 smb:5452 d:- ref:0 ;
